asset,tier,strategy,direction,regime,split,sharpe,ret,trades
BTC,low,sma_crossover,long,trending_up,train,1.253,113.82,40
BTC,low,sma_crossover,long,trending_down,train,-0.13,-11.11,41
BTC,low,sma_crossover,long,ranging,train,0.741,39.76,34
BTC,low,sma_crossover,long,trending_up,test,-0.458,-15.85,23
BTC,low,sma_crossover,long,trending_down,test,0.36,7.06,24
BTC,low,sma_crossover,long,ranging,test,-1.007,-30.92,36
BTC,low,sma_crossover,short,trending_up,train,-1.008,-37.76,36
BTC,low,sma_crossover,short,trending_down,train,-1.386,-60.15,37
BTC,low,sma_crossover,short,ranging,train,-2.074,-61.49,37
BTC,low,sma_crossover,short,trending_up,test,1.337,46.45,26
BTC,low,sma_crossover,short,trending_down,test,0.532,17.26,25
BTC,low,sma_crossover,short,ranging,test,0.397,9.93,30
BTC,low,ema_crossover,long,trending_up,train,1.702,186.73,54
BTC,low,ema_crossover,long,trending_down,train,-0.096,-6.74,46
BTC,low,ema_crossover,long,ranging,train,1.551,134.17,61
BTC,low,ema_crossover,long,trending_up,test,-1.508,-41.89,40
BTC,low,ema_crossover,long,trending_down,test,0.375,6.55,30
BTC,low,ema_crossover,long,ranging,test,-1.077,-33.47,49
BTC,low,ema_crossover,short,trending_up,train,-0.749,-24.91,36
BTC,low,ema_crossover,short,trending_down,train,-0.528,-31.75,49
BTC,low,ema_crossover,short,ranging,train,-0.833,-34.33,52
BTC,low,ema_crossover,short,trending_up,test,-0.73,-16.34,27
BTC,low,ema_crossover,short,trending_down,test,-0.355,-18.67,41
BTC,low,ema_crossover,short,ranging,test,-0.388,-17.71,45
BTC,low,rsi,long,trending_up,train,1.658,128.33,23
BTC,low,rsi,long,trending_down,train,1.546,154.9,23
BTC,low,rsi,long,ranging,train,1.754,118.01,18
BTC,low,rsi,long,trending_up,test,-0.443,-23.35,13
BTC,low,rsi,long,trending_down,test,-0.216,-17.1,12
BTC,low,rsi,long,ranging,test,-0.135,-12.16,12
BTC,low,rsi,short,trending_up,train,-0.88,-83.64,24
BTC,low,rsi,short,trending_down,train,-0.507,-64.58,23
BTC,low,rsi,short,ranging,train,-0.675,-69.84,18
BTC,low,rsi,short,trending_up,test,0.404,10.49,12
BTC,low,rsi,short,trending_down,test,0.606,16.8,12
BTC,low,rsi,short,ranging,test,0.048,-2.4,9
BTC,low,bollinger_bands,long,trending_up,train,0.689,33.14,41
BTC,low,bollinger_bands,long,trending_down,train,0.736,48.33,45
BTC,low,bollinger_bands,long,ranging,train,1.028,55.3,40
BTC,low,bollinger_bands,long,trending_up,test,0.33,5.62,25
BTC,low,bollinger_bands,long,trending_down,test,0.462,13.67,29
BTC,low,bollinger_bands,long,ranging,test,0.539,12.49,23
BTC,low,bollinger_bands,short,trending_up,train,-1.91,-82.82,44
BTC,low,bollinger_bands,short,trending_down,train,-0.348,-17.23,43
BTC,low,bollinger_bands,short,ranging,train,-0.419,-21.96,37
BTC,low,bollinger_bands,short,trending_up,test,1.346,60.05,30
BTC,low,bollinger_bands,short,trending_down,test,0.496,12.81,27
BTC,low,bollinger_bands,short,ranging,test,0.67,22.48,31
BTC,low,macd,long,trending_up,train,1.05,70.55,105
BTC,low,macd,long,trending_down,train,0.99,54.24,61
BTC,low,macd,long,ranging,train,1.64,97.2,89
BTC,low,macd,long,trending_up,test,-0.657,-22.74,63
BTC,low,macd,long,trending_down,test,-0.943,-30.06,49
BTC,low,macd,long,ranging,test,0.06,-1.17,71
BTC,low,macd,short,trending_up,train,-1.434,-53.6,68
BTC,low,macd,short,trending_down,train,-0.993,-45.77,99
BTC,low,macd,short,ranging,train,-1.092,-37.57,82
BTC,low,macd,short,trending_up,test,-0.592,-14.66,35
BTC,low,macd,short,trending_down,test,-0.404,-17.32,67
BTC,low,macd,short,ranging,test,0.508,13.58,70
BTC,low,mean_reversion,long,trending_up,train,0.964,49.54,47
BTC,low,mean_reversion,long,trending_down,train,1.014,77.12,48
BTC,low,mean_reversion,long,ranging,train,1.634,74.4,31
BTC,low,mean_reversion,long,trending_up,test,-0.867,-23.86,31
BTC,low,mean_reversion,long,trending_down,test,-0.411,-21.22,32
BTC,low,mean_reversion,long,ranging,test,0.025,-1.26,25
BTC,low,mean_reversion,short,trending_up,train,-1.286,-66.94,44
BTC,low,mean_reversion,short,trending_down,train,-0.332,-22.23,52
BTC,low,mean_reversion,short,ranging,train,-1.543,-75.94,44
BTC,low,mean_reversion,short,trending_up,test,0.333,7.3,25
BTC,low,mean_reversion,short,trending_down,test,-0.068,-8.0,32
BTC,low,mean_reversion,short,ranging,test,0.274,5.21,35
BTC,low,momentum,long,trending_up,train,1.992,296.74,25
BTC,low,momentum,long,trending_down,train,1.733,179.79,22
BTC,low,momentum,long,ranging,train,1.983,234.97,19
BTC,low,momentum,long,trending_up,test,-0.652,-27.44,15
BTC,low,momentum,long,trending_down,test,-0.053,-6.84,16
BTC,low,momentum,long,ranging,test,-0.676,-26.0,15
BTC,low,momentum,short,trending_up,train,-0.515,-21.84,22
BTC,low,momentum,short,trending_down,train,-0.352,-24.76,24
BTC,low,momentum,short,ranging,train,-0.349,-14.12,14
BTC,low,momentum,short,trending_up,test,0.794,21.35,15
BTC,low,momentum,short,trending_down,test,-0.621,-25.28,19
BTC,low,momentum,short,ranging,test,0.336,7.28,15
BTC,low,volume_weighted,long,trending_up,train,0.876,49.46,36
BTC,low,volume_weighted,long,trending_down,train,0.925,40.36,21
BTC,low,volume_weighted,long,ranging,train,0.95,49.63,33
BTC,low,volume_weighted,long,trending_up,test,-0.083,-6.82,20
BTC,low,volume_weighted,long,trending_down,test,-0.038,-4.03,17
BTC,low,volume_weighted,long,ranging,test,0.384,9.25,21
BTC,low,volume_weighted,short,trending_up,train,-1.531,-76.88,27
BTC,low,volume_weighted,short,trending_down,train,-1.666,-81.1,37
BTC,low,volume_weighted,short,ranging,train,-1.781,-79.48,34
BTC,low,volume_weighted,short,trending_up,test,1.75,77.87,15
BTC,low,volume_weighted,short,trending_down,test,0.742,27.15,20
BTC,low,volume_weighted,short,ranging,test,0.674,23.84,24
BTC,low,triple_ema,long,trending_up,train,1.408,120.1,55
BTC,low,triple_ema,long,trending_down,train,0.126,1.61,37
BTC,low,triple_ema,long,ranging,train,1.511,110.76,50
BTC,low,triple_ema,long,trending_up,test,-0.615,-16.47,33
BTC,low,triple_ema,long,trending_down,test,-1.013,-10.66,21
BTC,low,triple_ema,long,ranging,test,-0.582,-17.93,42
BTC,low,triple_ema,short,trending_up,train,-1.02,-39.84,38
BTC,low,triple_ema,short,trending_down,train,-0.973,-51.09,47
BTC,low,triple_ema,short,ranging,train,-1.225,-50.54,48
BTC,low,triple_ema,short,trending_up,test,0.725,24.58,26
BTC,low,triple_ema,short,trending_down,test,0.546,18.14,31
BTC,low,triple_ema,short,ranging,test,0.304,6.49,40
BTC,low,rsi_macd_combo,long,trending_up,train,0.97,54.42,25
BTC,low,rsi_macd_combo,long,trending_down,train,1.434,114.34,24
BTC,low,rsi_macd_combo,long,ranging,train,1.662,106.34,21
BTC,low,rsi_macd_combo,long,trending_up,test,-0.671,-32.23,15
BTC,low,rsi_macd_combo,long,trending_down,test,-0.86,-39.86,13
BTC,low,rsi_macd_combo,long,ranging,test,-0.414,-23.23,15
BTC,low,rsi_macd_combo,short,trending_up,train,-1.201,-89.28,23
BTC,low,rsi_macd_combo,short,trending_down,train,-0.574,-62.43,26
BTC,low,rsi_macd_combo,short,ranging,train,-0.955,-74.81,19
BTC,low,rsi_macd_combo,short,trending_up,test,-0.232,-12.43,14
BTC,low,rsi_macd_combo,short,trending_down,test,-0.702,-24.71,14
BTC,low,rsi_macd_combo,short,ranging,test,-0.507,-19.66,12
BTC,low,stoch_rsi,long,trending_up,train,0.229,5.25,53
BTC,low,stoch_rsi,long,trending_down,train,0.25,6.52,64
BTC,low,stoch_rsi,long,ranging,train,0.423,14.5,48
BTC,low,stoch_rsi,long,trending_up,test,-1.059,-21.88,31
BTC,low,stoch_rsi,long,trending_down,test,0.188,2.09,54
BTC,low,stoch_rsi,long,ranging,test,-0.855,-25.92,40
BTC,low,stoch_rsi,short,trending_up,train,-1.892,-75.41,70
BTC,low,stoch_rsi,short,trending_down,train,-0.597,-34.32,46
BTC,low,stoch_rsi,short,ranging,train,-1.935,-62.19,50
BTC,low,stoch_rsi,short,trending_up,test,-0.261,-12.15,44
BTC,low,stoch_rsi,short,trending_down,test,0.875,30.07,44
BTC,low,stoch_rsi,short,ranging,test,-1.024,-30.36,44
BTC,low,supertrend,long,trending_up,train,0.0,0.0,0
BTC,low,supertrend,long,trending_down,train,0.0,0.0,0
BTC,low,supertrend,long,ranging,train,0.0,0.0,0
BTC,low,supertrend,long,trending_up,test,0.0,0.0,0
BTC,low,supertrend,long,trending_down,test,0.0,0.0,0
BTC,low,supertrend,long,ranging,test,0.0,0.0,0
BTC,low,supertrend,short,trending_up,train,0.0,0.0,0
BTC,low,supertrend,short,trending_down,train,0.0,0.0,0
BTC,low,supertrend,short,ranging,train,0.0,0.0,0
BTC,low,supertrend,short,trending_up,test,0.0,0.0,0
BTC,low,supertrend,short,trending_down,test,0.0,0.0,0
BTC,low,supertrend,short,ranging,test,0.0,0.0,0
BTC,low,ichimoku_cloud,long,trending_up,train,1.699,157.92,20
BTC,low,ichimoku_cloud,long,trending_down,train,1.636,130.21,17
BTC,low,ichimoku_cloud,long,ranging,train,1.755,161.32,23
BTC,low,ichimoku_cloud,long,trending_up,test,0.214,3.02,11
BTC,low,ichimoku_cloud,long,trending_down,test,0.633,18.53,10
BTC,low,ichimoku_cloud,long,ranging,test,0.426,11.55,14
BTC,low,ichimoku_cloud,short,trending_up,train,-0.868,-49.52,19
BTC,low,ichimoku_cloud,short,trending_down,train,-0.505,-38.54,21
BTC,low,ichimoku_cloud,short,ranging,train,-0.951,-51.12,21
BTC,low,ichimoku_cloud,short,trending_up,test,1.188,44.41,11
BTC,low,ichimoku_cloud,short,trending_down,test,0.954,37.45,11
BTC,low,ichimoku_cloud,short,ranging,test,0.675,21.56,14
BTC,low,pairs_spread,long,trending_up,train,1.225,63.72,40
BTC,low,pairs_spread,long,trending_down,train,0.945,64.93,40
BTC,low,pairs_spread,long,ranging,train,2.354,94.14,27
BTC,low,pairs_spread,long,trending_up,test,-0.767,-18.57,27
BTC,low,pairs_spread,long,trending_down,test,-0.232,-14.2,27
BTC,low,pairs_spread,long,ranging,test,-0.416,-12.37,23
BTC,low,pairs_spread,short,trending_up,train,-1.004,-65.29,41
BTC,low,pairs_spread,short,trending_down,train,-0.484,-37.55,47
BTC,low,pairs_spread,short,ranging,train,-1.017,-64.71,40
BTC,low,pairs_spread,short,trending_up,test,0.609,19.46,21
BTC,low,pairs_spread,short,trending_down,test,0.158,0.14,26
BTC,low,pairs_spread,short,ranging,test,0.141,-0.8,31
BTC,low,squeeze_momentum,long,trending_up,train,1.341,143.12,20
BTC,low,squeeze_momentum,long,trending_down,train,0.583,32.36,19
BTC,low,squeeze_momentum,long,ranging,train,1.089,92.84,18
BTC,low,squeeze_momentum,long,trending_up,test,-0.429,-18.99,14
BTC,low,squeeze_momentum,long,trending_down,test,-0.387,-15.5,13
BTC,low,squeeze_momentum,long,ranging,test,-0.411,-19.56,18
BTC,low,squeeze_momentum,short,trending_up,train,-1.329,-60.48,17
BTC,low,squeeze_momentum,short,trending_down,train,-1.484,-64.91,19
BTC,low,squeeze_momentum,short,ranging,train,-0.97,-38.72,20
BTC,low,squeeze_momentum,short,trending_up,test,0.822,26.96,16
BTC,low,squeeze_momentum,short,trending_down,test,0.455,12.72,17
BTC,low,squeeze_momentum,short,ranging,test,0.276,5.29,20
BTC,low,atr_breakout,long,trending_up,train,1.777,192.23,50
BTC,low,atr_breakout,long,trending_down,train,0.613,26.05,34
BTC,low,atr_breakout,long,ranging,train,1.806,135.07,40
BTC,low,atr_breakout,long,trending_up,test,-1.858,-48.41,30
BTC,low,atr_breakout,long,trending_down,test,-1.425,-31.76,21
BTC,low,atr_breakout,long,ranging,test,-1.346,-34.78,29
BTC,low,atr_breakout,short,trending_up,train,-1.151,-45.76,39
BTC,low,atr_breakout,short,trending_down,train,-1.255,-57.22,48
BTC,low,atr_breakout,short,ranging,train,-0.955,-41.09,36
BTC,low,atr_breakout,short,trending_up,test,0.168,1.65,20
BTC,low,atr_breakout,short,trending_down,test,-0.444,-21.89,28
BTC,low,atr_breakout,short,ranging,test,-0.638,-24.94,30
BTC,low,amd_ifvg,long,trending_up,train,0.0,0.0,0
BTC,low,amd_ifvg,long,trending_down,train,0.0,0.0,0
BTC,low,amd_ifvg,long,ranging,train,0.0,0.0,0
BTC,low,amd_ifvg,long,trending_up,test,0.0,0.0,0
BTC,low,amd_ifvg,long,trending_down,test,0.0,0.0,0
BTC,low,amd_ifvg,long,ranging,test,0.0,0.0,0
BTC,low,amd_ifvg,short,trending_up,train,0.0,0.0,0
BTC,low,amd_ifvg,short,trending_down,train,0.0,0.0,0
BTC,low,amd_ifvg,short,ranging,train,0.0,0.0,0
BTC,low,amd_ifvg,short,trending_up,test,0.0,0.0,0
BTC,low,amd_ifvg,short,trending_down,test,0.0,0.0,0
BTC,low,amd_ifvg,short,ranging,test,0.0,0.0,0
BTC,low,heikin_ashi_ema,long,trending_up,train,1.324,119.78,76
BTC,low,heikin_ashi_ema,long,trending_down,train,-0.056,-5.63,58
BTC,low,heikin_ashi_ema,long,ranging,train,2.408,284.19,65
BTC,low,heikin_ashi_ema,long,trending_up,test,-1.052,-34.82,50
BTC,low,heikin_ashi_ema,long,trending_down,test,-1.117,-29.75,40
BTC,low,heikin_ashi_ema,long,ranging,test,-0.675,-23.33,52
BTC,low,heikin_ashi_ema,short,trending_up,train,-1.559,-40.75,42
BTC,low,heikin_ashi_ema,short,trending_down,train,-1.148,-51.67,78
BTC,low,heikin_ashi_ema,short,ranging,train,-1.383,-47.91,59
BTC,low,heikin_ashi_ema,short,trending_up,test,-0.353,-7.09,25
BTC,low,heikin_ashi_ema,short,trending_down,test,-0.123,-9.98,55
BTC,low,heikin_ashi_ema,short,ranging,test,0.343,7.65,48
BTC,low,order_blocks,long,trending_up,train,1.538,136.95,41
BTC,low,order_blocks,long,trending_down,train,0.349,12.32,30
BTC,low,order_blocks,long,ranging,train,1.869,142.27,32
BTC,low,order_blocks,long,trending_up,test,-1.236,-33.36,27
BTC,low,order_blocks,long,trending_down,test,-0.299,-9.71,20
BTC,low,order_blocks,long,ranging,test,-0.658,-19.26,26
BTC,low,order_blocks,short,trending_up,train,-0.943,-45.38,34
BTC,low,order_blocks,short,trending_down,train,-1.287,-59.85,41
BTC,low,order_blocks,short,ranging,train,-0.981,-45.75,30
BTC,low,order_blocks,short,trending_up,test,0.497,14.08,23
BTC,low,order_blocks,short,trending_down,test,-0.274,-16.6,23
BTC,low,order_blocks,short,ranging,test,-0.006,-6.26,29
BTC,low,vwap_reversion,long,trending_up,train,-0.289,-17.84,161
BTC,low,vwap_reversion,long,trending_down,train,-0.587,-30.76,159
BTC,low,vwap_reversion,long,ranging,train,-0.338,-14.87,116
BTC,low,vwap_reversion,long,trending_up,test,-0.634,-15.71,78
BTC,low,vwap_reversion,long,trending_down,test,-0.664,-26.07,121
BTC,low,vwap_reversion,long,ranging,test,0.022,-2.79,107
BTC,low,vwap_reversion,short,trending_up,train,-1.965,-74.6,190
BTC,low,vwap_reversion,short,trending_down,train,-1.372,-51.71,148
BTC,low,vwap_reversion,short,ranging,train,-2.676,-71.26,127
BTC,low,vwap_reversion,short,trending_up,test,0.312,5.98,99
BTC,low,vwap_reversion,short,trending_down,test,0.029,-3.17,101
BTC,low,vwap_reversion,short,ranging,test,0.064,-1.17,108
BTC,low,chart_pattern,long,trending_up,train,1.589,178.07,29
BTC,low,chart_pattern,long,trending_down,train,0.787,46.31,24
BTC,low,chart_pattern,long,ranging,train,1.127,80.2,25
BTC,low,chart_pattern,long,trending_up,test,-0.366,-14.52,18
BTC,low,chart_pattern,long,trending_down,test,0.077,-0.56,16
BTC,low,chart_pattern,long,ranging,test,-0.134,-8.14,18
BTC,low,chart_pattern,short,trending_up,train,-0.182,-10.81,19
BTC,low,chart_pattern,short,trending_down,train,-0.587,-33.83,27
BTC,low,chart_pattern,short,ranging,train,-1.09,-42.15,23
BTC,low,chart_pattern,short,trending_up,test,0.252,4.42,18
BTC,low,chart_pattern,short,trending_down,test,0.163,0.2,19
BTC,low,chart_pattern,short,ranging,test,0.236,3.64,18
BTC,low,liquidity_sweeps,long,trending_up,train,1.388,85.82,18
BTC,low,liquidity_sweeps,long,trending_down,train,1.124,79.83,18
BTC,low,liquidity_sweeps,long,ranging,train,1.192,62.0,16
BTC,low,liquidity_sweeps,long,trending_up,test,-0.676,-27.79,14
BTC,low,liquidity_sweeps,long,trending_down,test,-0.238,-15.14,14
BTC,low,liquidity_sweeps,long,ranging,test,-0.587,-23.62,14
BTC,low,liquidity_sweeps,short,trending_up,train,-0.704,-84.03,16
BTC,low,liquidity_sweeps,short,trending_down,train,-0.463,-72.92,18
BTC,low,liquidity_sweeps,short,ranging,train,-0.628,-77.25,13
BTC,low,liquidity_sweeps,short,trending_up,test,0.045,-3.93,13
BTC,low,liquidity_sweeps,short,trending_down,test,-0.146,-10.46,14
BTC,low,liquidity_sweeps,short,ranging,test,-0.544,-24.38,11
BTC,low,parabolic_sar,long,trending_up,train,0.887,61.33,119
BTC,low,parabolic_sar,long,trending_down,train,0.826,37.76,65
BTC,low,parabolic_sar,long,ranging,train,1.938,133.58,80
BTC,low,parabolic_sar,long,trending_up,test,-1.278,-36.21,74
BTC,low,parabolic_sar,long,trending_down,test,-0.84,-25.38,57
BTC,low,parabolic_sar,long,ranging,test,-0.737,-21.4,63
BTC,low,parabolic_sar,short,trending_up,train,-1.387,-45.5,74
BTC,low,parabolic_sar,short,trending_down,train,-0.686,-37.64,106
BTC,low,parabolic_sar,short,ranging,train,-0.674,-26.4,73
BTC,low,parabolic_sar,short,trending_up,test,-0.519,-12.71,39
BTC,low,parabolic_sar,short,trending_down,test,-0.416,-19.77,82
BTC,low,parabolic_sar,short,ranging,test,-0.132,-8.03,67
BTC,low,range_scalper,long,trending_up,train,0.0,0.0,0
BTC,low,range_scalper,long,trending_down,train,0.0,0.0,0
BTC,low,range_scalper,long,ranging,train,0.0,0.0,0
BTC,low,range_scalper,long,trending_up,test,0.0,0.0,0
BTC,low,range_scalper,long,trending_down,test,0.0,0.0,0
BTC,low,range_scalper,long,ranging,test,0.0,0.0,0
BTC,low,range_scalper,short,trending_up,train,0.0,0.0,0
BTC,low,range_scalper,short,trending_down,train,0.0,0.0,0
BTC,low,range_scalper,short,ranging,train,0.0,0.0,0
BTC,low,range_scalper,short,trending_up,test,0.0,0.0,0
BTC,low,range_scalper,short,trending_down,test,0.0,0.0,0
BTC,low,range_scalper,short,ranging,test,0.0,0.0,0
BTC,low,sweep_squeeze_combo,long,trending_up,train,2.077,203.71,5
BTC,low,sweep_squeeze_combo,long,trending_down,train,1.99,192.99,5
BTC,low,sweep_squeeze_combo,long,ranging,train,2.073,196.4,5
BTC,low,sweep_squeeze_combo,long,trending_up,test,-1.112,-39.08,4
BTC,low,sweep_squeeze_combo,long,trending_down,test,-1.009,-37.39,4
BTC,low,sweep_squeeze_combo,long,ranging,test,-0.951,-38.35,4
BTC,low,sweep_squeeze_combo,short,trending_up,train,-0.298,-43.29,5
BTC,low,sweep_squeeze_combo,short,trending_down,train,-0.411,-52.19,5
BTC,low,sweep_squeeze_combo,short,ranging,train,-0.252,-65.03,5
BTC,low,sweep_squeeze_combo,short,trending_up,test,-0.648,-33.09,3
BTC,low,sweep_squeeze_combo,short,trending_down,test,-0.664,-31.78,3
BTC,low,sweep_squeeze_combo,short,ranging,test,-0.733,-36.14,3
BTC,low,adx_trend,long,trending_up,train,2.125,290.43,31
BTC,low,adx_trend,long,trending_down,train,1.932,178.89,12
BTC,low,adx_trend,long,ranging,train,2.477,250.47,13
BTC,low,adx_trend,long,trending_up,test,-1.231,-43.67,19
BTC,low,adx_trend,long,trending_down,test,-1.184,-38.65,12
BTC,low,adx_trend,long,ranging,test,-1.159,-37.33,13
BTC,low,adx_trend,short,trending_up,train,-0.165,-18.19,13
BTC,low,adx_trend,short,trending_down,train,-0.387,-33.49,32
BTC,low,adx_trend,short,ranging,train,-0.218,-21.49,13
BTC,low,adx_trend,short,trending_up,test,-0.38,-17.38,9
BTC,low,adx_trend,short,trending_down,test,-0.658,-29.71,19
BTC,low,adx_trend,short,ranging,test,-0.501,-23.18,11
BTC,low,donchian_breakout,long,trending_up,train,1.859,230.06,42
BTC,low,donchian_breakout,long,trending_down,train,0.312,9.54,32
BTC,low,donchian_breakout,long,ranging,train,0.827,47.51,39
BTC,low,donchian_breakout,long,trending_up,test,-0.737,-28.96,30
BTC,low,donchian_breakout,long,trending_down,test,-0.094,-5.68,24
BTC,low,donchian_breakout,long,ranging,test,-0.579,-23.12,31
BTC,low,donchian_breakout,short,trending_up,train,0.248,5.97,22
BTC,low,donchian_breakout,short,trending_down,train,-0.486,-31.87,37
BTC,low,donchian_breakout,short,ranging,train,-1.011,-40.64,32
BTC,low,donchian_breakout,short,trending_up,test,-0.498,-10.12,17
BTC,low,donchian_breakout,short,trending_down,test,0.12,-0.98,29
BTC,low,donchian_breakout,short,ranging,test,-0.976,-27.84,25
BTC,low,tema_cross,long,trending_up,train,0.299,8.67,48
BTC,low,tema_cross,long,trending_down,train,-0.431,-6.39,9
BTC,low,tema_cross,long,ranging,train,0.958,41.37,35
BTC,low,tema_cross,long,trending_up,test,-0.249,-5.23,25
BTC,low,tema_cross,long,trending_down,test,-0.358,-1.93,7
BTC,low,tema_cross,long,ranging,test,-0.467,-9.72,33
BTC,low,tema_cross,short,trending_up,train,-1.75,-80.9,40
BTC,low,tema_cross,short,trending_down,train,-1.518,-77.94,37
BTC,low,tema_cross,short,ranging,train,-1.748,-81.51,37
BTC,low,tema_cross,short,trending_up,test,0.838,34.22,22
BTC,low,tema_cross,short,trending_down,test,0.669,25.8,22
BTC,low,tema_cross,short,ranging,test,0.251,3.84,33
ETH,low,sma_crossover,long,trending_up,train,0.416,19.34,37
ETH,low,sma_crossover,long,trending_down,train,0.394,16.44,44
ETH,low,sma_crossover,long,ranging,train,0.419,19.35,50
ETH,low,sma_crossover,long,trending_up,test,-0.425,-28.3,26
ETH,low,sma_crossover,long,trending_down,test,0.058,-3.93,28
ETH,low,sma_crossover,long,ranging,test,0.07,-7.56,30
ETH,low,sma_crossover,short,trending_up,train,-0.844,-31.61,38
ETH,low,sma_crossover,short,trending_down,train,-0.893,-52.47,40
ETH,low,sma_crossover,short,ranging,train,-1.572,-53.47,43
ETH,low,sma_crossover,short,trending_up,test,0.635,22.48,23
ETH,low,sma_crossover,short,trending_down,test,0.542,21.67,25
ETH,low,sma_crossover,short,ranging,test,-0.391,-23.32,28
ETH,low,ema_crossover,long,trending_up,train,0.948,80.06,56
ETH,low,ema_crossover,long,trending_down,train,0.523,24.57,45
ETH,low,ema_crossover,long,ranging,train,0.696,45.84,70
ETH,low,ema_crossover,long,trending_up,test,-1.219,-51.7,38
ETH,low,ema_crossover,long,trending_down,test,0.676,21.81,27
ETH,low,ema_crossover,long,ranging,test,0.029,-9.26,49
ETH,low,ema_crossover,short,trending_up,train,-0.231,-8.7,32
ETH,low,ema_crossover,short,trending_down,train,-0.246,-24.26,52
ETH,low,ema_crossover,short,ranging,train,-0.634,-39.47,68
ETH,low,ema_crossover,short,trending_up,test,-0.587,-19.07,24
ETH,low,ema_crossover,short,trending_down,test,0.326,6.17,39
ETH,low,ema_crossover,short,ranging,test,-0.755,-43.72,48
ETH,low,rsi,long,trending_up,train,0.463,22.91,21
ETH,low,rsi,long,trending_down,train,0.823,67.16,21
ETH,low,rsi,long,ranging,train,0.246,5.6,17
ETH,low,rsi,long,trending_up,test,-0.917,-53.64,12
ETH,low,rsi,long,trending_down,test,-0.338,-34.8,12
ETH,low,rsi,long,ranging,test,-0.578,-39.45,11
ETH,low,rsi,short,trending_up,train,-0.444,-70.06,21
ETH,low,rsi,short,trending_down,train,-0.345,-67.05,21
ETH,low,rsi,short,ranging,train,-0.551,-78.67,17
ETH,low,rsi,short,trending_up,test,-0.057,-29.55,11
ETH,low,rsi,short,trending_down,test,-0.222,-37.98,11
ETH,low,rsi,short,ranging,test,-0.567,-50.91,9
ETH,low,bollinger_bands,long,trending_up,train,0.887,39.46,40
ETH,low,bollinger_bands,long,trending_down,train,0.486,26.09,45
ETH,low,bollinger_bands,long,ranging,train,1.058,60.53,34
ETH,low,bollinger_bands,long,trending_up,test,0.327,7.52,25
ETH,low,bollinger_bands,long,trending_down,test,0.048,-13.52,28
ETH,low,bollinger_bands,long,ranging,test,0.36,9.15,28
ETH,low,bollinger_bands,short,trending_up,train,-0.687,-72.92,44
ETH,low,bollinger_bands,short,trending_down,train,-0.701,-57.35,46
ETH,low,bollinger_bands,short,ranging,train,-0.723,-75.08,41
ETH,low,bollinger_bands,short,trending_up,test,0.406,11.66,26
ETH,low,bollinger_bands,short,trending_down,test,-0.61,-39.0,24
ETH,low,bollinger_bands,short,ranging,test,-0.777,-45.6,25
ETH,low,macd,long,trending_up,train,0.731,44.86,102
ETH,low,macd,long,trending_down,train,0.792,47.38,74
ETH,low,macd,long,ranging,train,1.068,65.65,97
ETH,low,macd,long,trending_up,test,-0.398,-23.83,60
ETH,low,macd,long,trending_down,test,-0.188,-19.23,54
ETH,low,macd,long,ranging,test,0.763,30.92,64
ETH,low,macd,short,trending_up,train,-0.925,-45.1,63
ETH,low,macd,short,trending_down,train,-0.578,-39.03,109
ETH,low,macd,short,ranging,train,0.487,21.91,98
ETH,low,macd,short,trending_up,test,0.017,-4.86,35
ETH,low,macd,short,trending_down,test,0.663,29.99,69
ETH,low,macd,short,ranging,test,0.666,27.43,64
ETH,low,mean_reversion,long,trending_up,train,-0.477,-22.16,46
ETH,low,mean_reversion,long,trending_down,train,0.327,11.35,53
ETH,low,mean_reversion,long,ranging,train,0.018,-5.04,44
ETH,low,mean_reversion,long,trending_up,test,-0.754,-25.0,27
ETH,low,mean_reversion,long,trending_down,test,-0.378,-33.13,34
ETH,low,mean_reversion,long,ranging,test,0.204,2.4,30
ETH,low,mean_reversion,short,trending_up,train,-0.613,-67.73,45
ETH,low,mean_reversion,short,trending_down,train,-0.596,-70.32,53
ETH,low,mean_reversion,short,ranging,train,-0.678,-70.01,55
ETH,low,mean_reversion,short,trending_up,test,-0.037,-19.3,28
ETH,low,mean_reversion,short,trending_down,test,-0.279,-30.5,38
ETH,low,mean_reversion,short,ranging,test,-0.547,-50.6,39
ETH,low,momentum,long,trending_up,train,0.825,67.14,33
ETH,low,momentum,long,trending_down,train,0.227,4.04,32
ETH,low,momentum,long,ranging,train,0.074,-5.96,29
ETH,low,momentum,long,trending_up,test,-0.8,-42.95,30
ETH,low,momentum,long,trending_down,test,0.78,35.04,27
ETH,low,momentum,long,ranging,test,0.528,19.95,27
ETH,low,momentum,short,trending_up,train,-0.242,-15.29,26
ETH,low,momentum,short,trending_down,train,-0.306,-28.2,30
ETH,low,momentum,short,ranging,train,-0.327,-24.08,28
ETH,low,momentum,short,trending_up,test,0.188,2.06,23
ETH,low,momentum,short,trending_down,test,-0.077,-17.87,35
ETH,low,momentum,short,ranging,test,-0.44,-27.58,28
ETH,low,volume_weighted,long,trending_up,train,1.312,131.74,32
ETH,low,volume_weighted,long,trending_down,train,1.629,192.89,29
ETH,low,volume_weighted,long,ranging,train,1.426,150.75,33
ETH,low,volume_weighted,long,trending_up,test,0.094,-3.87,21
ETH,low,volume_weighted,long,trending_down,test,0.23,2.59,15
ETH,low,volume_weighted,long,ranging,test,-0.172,-14.69,19
ETH,low,volume_weighted,short,trending_up,train,0.29,8.92,25
ETH,low,volume_weighted,short,trending_down,train,0.221,3.51,30
ETH,low,volume_weighted,short,ranging,train,0.562,29.96,32
ETH,low,volume_weighted,short,trending_up,test,0.13,-6.8,16
ETH,low,volume_weighted,short,trending_down,test,0.799,46.09,22
ETH,low,volume_weighted,short,ranging,test,-0.229,-33.75,21
ETH,low,triple_ema,long,trending_up,train,0.901,67.94,47
ETH,low,triple_ema,long,trending_down,train,0.194,3.81,40
ETH,low,triple_ema,long,ranging,train,0.581,29.95,55
ETH,low,triple_ema,long,trending_up,test,-0.153,-12.69,30
ETH,low,triple_ema,long,trending_down,test,-1.376,-18.44,19
ETH,low,triple_ema,long,ranging,test,0.526,17.89,38
ETH,low,triple_ema,short,trending_up,train,-1.144,-46.15,39
ETH,low,triple_ema,short,trending_down,train,-1.0,-58.31,53
ETH,low,triple_ema,short,ranging,train,-0.399,-33.05,57
ETH,low,triple_ema,short,trending_up,test,0.979,47.76,25
ETH,low,triple_ema,short,trending_down,test,0.589,25.48,33
ETH,low,triple_ema,short,ranging,test,0.338,7.03,42
ETH,low,rsi_macd_combo,long,trending_up,train,0.634,35.48,24
ETH,low,rsi_macd_combo,long,trending_down,train,0.604,36.85,22
ETH,low,rsi_macd_combo,long,ranging,train,0.916,61.34,22
ETH,low,rsi_macd_combo,long,trending_up,test,-1.115,-58.49,18
ETH,low,rsi_macd_combo,long,trending_down,test,-0.782,-52.58,15
ETH,low,rsi_macd_combo,long,ranging,test,-0.459,-33.72,17
ETH,low,rsi_macd_combo,short,trending_up,train,-0.533,-69.03,21
ETH,low,rsi_macd_combo,short,trending_down,train,-0.186,-34.75,23
ETH,low,rsi_macd_combo,short,ranging,train,-0.2,-55.31,19
ETH,low,rsi_macd_combo,short,trending_up,test,-0.176,-34.34,16
ETH,low,rsi_macd_combo,short,trending_down,test,-0.554,-52.73,15
ETH,low,rsi_macd_combo,short,ranging,test,-0.479,-46.84,15
ETH,low,stoch_rsi,long,trending_up,train,1.541,124.92,47
ETH,low,stoch_rsi,long,trending_down,train,-0.295,-29.36,70
ETH,low,stoch_rsi,long,ranging,train,0.122,-1.63,58
ETH,low,stoch_rsi,long,trending_up,test,1.158,52.54,31
ETH,low,stoch_rsi,long,trending_down,test,-0.149,-20.77,51
ETH,low,stoch_rsi,long,ranging,test,-0.648,-33.32,38
ETH,low,stoch_rsi,short,trending_up,train,-0.332,-29.81,75
ETH,low,stoch_rsi,short,trending_down,train,-0.941,-53.12,57
ETH,low,stoch_rsi,short,ranging,train,-0.413,-24.33,55
ETH,low,stoch_rsi,short,trending_up,test,1.319,72.54,44
ETH,low,stoch_rsi,short,trending_down,test,0.612,24.09,42
ETH,low,stoch_rsi,short,ranging,test,-1.02,-47.89,39
ETH,low,supertrend,long,trending_up,train,0.0,0.0,0
ETH,low,supertrend,long,trending_down,train,0.0,0.0,0
ETH,low,supertrend,long,ranging,train,0.0,0.0,0
ETH,low,supertrend,long,trending_up,test,0.0,0.0,0
ETH,low,supertrend,long,trending_down,test,0.0,0.0,0
ETH,low,supertrend,long,ranging,test,0.0,0.0,0
ETH,low,supertrend,short,trending_up,train,0.0,0.0,0
ETH,low,supertrend,short,trending_down,train,0.0,0.0,0
ETH,low,supertrend,short,ranging,train,0.0,0.0,0
ETH,low,supertrend,short,trending_up,test,0.0,0.0,0
ETH,low,supertrend,short,trending_down,test,0.0,0.0,0
ETH,low,supertrend,short,ranging,test,0.0,0.0,0
ETH,low,ichimoku_cloud,long,trending_up,train,0.941,79.7,19
ETH,low,ichimoku_cloud,long,trending_down,train,0.99,80.11,18
ETH,low,ichimoku_cloud,long,ranging,train,1.039,89.86,20
ETH,low,ichimoku_cloud,long,trending_up,test,1.162,73.0,9
ETH,low,ichimoku_cloud,long,trending_down,test,1.168,73.65,10
ETH,low,ichimoku_cloud,long,ranging,test,0.979,58.15,12
ETH,low,ichimoku_cloud,short,trending_up,train,0.166,1.2,13
ETH,low,ichimoku_cloud,short,trending_down,train,-0.102,-18.65,18
ETH,low,ichimoku_cloud,short,ranging,train,0.16,-0.28,21
ETH,low,ichimoku_cloud,short,trending_up,test,1.555,86.63,10
ETH,low,ichimoku_cloud,short,trending_down,test,1.118,65.3,12
ETH,low,ichimoku_cloud,short,ranging,test,1.169,64.66,13
ETH,low,pairs_spread,long,trending_up,train,-0.675,-25.49,37
ETH,low,pairs_spread,long,trending_down,train,-0.031,-14.78,45
ETH,low,pairs_spread,long,ranging,train,0.143,1.86,28
ETH,low,pairs_spread,long,trending_up,test,-0.265,-11.49,19
ETH,low,pairs_spread,long,trending_down,test,-0.346,-30.0,27
ETH,low,pairs_spread,long,ranging,test,0.402,8.64,18
ETH,low,pairs_spread,short,trending_up,train,-0.689,-80.75,37
ETH,low,pairs_spread,short,trending_down,train,-0.675,-83.67,46
ETH,low,pairs_spread,short,ranging,train,-0.869,-85.1,43
ETH,low,pairs_spread,short,trending_up,test,0.056,-15.49,21
ETH,low,pairs_spread,short,trending_down,test,-0.348,-41.43,27
ETH,low,pairs_spread,short,ranging,test,-0.41,-49.05,28
ETH,low,squeeze_momentum,long,trending_up,train,0.916,78.65,22
ETH,low,squeeze_momentum,long,trending_down,train,1.15,107.21,18
ETH,low,squeeze_momentum,long,ranging,train,1.036,95.46,21
ETH,low,squeeze_momentum,long,trending_up,test,-0.836,-50.86,8
ETH,low,squeeze_momentum,long,trending_down,test,-0.714,-45.94,9
ETH,low,squeeze_momentum,long,ranging,test,-0.84,-51.87,9
ETH,low,squeeze_momentum,short,trending_up,train,-0.164,-17.26,20
ETH,low,squeeze_momentum,short,trending_down,train,-0.141,-19.52,23
ETH,low,squeeze_momentum,short,ranging,train,-0.11,-15.8,23
ETH,low,squeeze_momentum,short,trending_up,test,-0.426,-34.26,8
ETH,low,squeeze_momentum,short,trending_down,test,0.135,-5.92,9
ETH,low,squeeze_momentum,short,ranging,test,-0.403,-40.17,10
ETH,low,atr_breakout,long,trending_up,train,0.986,91.26,42
ETH,low,atr_breakout,long,trending_down,train,1.283,125.88,29
ETH,low,atr_breakout,long,ranging,train,1.029,90.11,38
ETH,low,atr_breakout,long,trending_up,test,-0.207,-20.29,27
ETH,low,atr_breakout,long,trending_down,test,0.71,29.58,22
ETH,low,atr_breakout,long,ranging,test,0.787,37.38,26
ETH,low,atr_breakout,short,trending_up,train,-0.388,-18.19,21
ETH,low,atr_breakout,short,trending_down,train,-0.122,-18.24,39
ETH,low,atr_breakout,short,ranging,train,-0.4,-25.09,32
ETH,low,atr_breakout,short,trending_up,test,0.494,15.37,15
ETH,low,atr_breakout,short,trending_down,test,1.01,61.56,28
ETH,low,atr_breakout,short,ranging,test,-0.299,-22.97,30
ETH,low,amd_ifvg,long,trending_up,train,0.0,0.0,0
ETH,low,amd_ifvg,long,trending_down,train,0.0,0.0,0
ETH,low,amd_ifvg,long,ranging,train,0.0,0.0,0
ETH,low,amd_ifvg,long,trending_up,test,0.0,0.0,0
ETH,low,amd_ifvg,long,trending_down,test,0.0,0.0,0
ETH,low,amd_ifvg,long,ranging,test,0.0,0.0,0
ETH,low,amd_ifvg,short,trending_up,train,0.0,0.0,0
ETH,low,amd_ifvg,short,trending_down,train,0.0,0.0,0
ETH,low,amd_ifvg,short,ranging,train,0.0,0.0,0
ETH,low,amd_ifvg,short,trending_up,test,0.0,0.0,0
ETH,low,amd_ifvg,short,trending_down,test,0.0,0.0,0
ETH,low,amd_ifvg,short,ranging,test,0.0,0.0,0
ETH,low,heikin_ashi_ema,long,trending_up,train,0.408,18.46,78
ETH,low,heikin_ashi_ema,long,trending_down,train,-0.261,-21.22,72
ETH,low,heikin_ashi_ema,long,ranging,train,0.541,29.14,78
ETH,low,heikin_ashi_ema,long,trending_up,test,-1.06,-47.81,50
ETH,low,heikin_ashi_ema,long,trending_down,test,-1.471,-47.69,40
ETH,low,heikin_ashi_ema,long,ranging,test,0.424,12.84,52
ETH,low,heikin_ashi_ema,short,trending_up,train,-1.434,-33.88,33
ETH,low,heikin_ashi_ema,short,trending_down,train,-0.793,-46.54,83
ETH,low,heikin_ashi_ema,short,ranging,train,-0.478,-31.17,75
ETH,low,heikin_ashi_ema,short,trending_up,test,0.863,26.56,27
ETH,low,heikin_ashi_ema,short,trending_down,test,-0.179,-21.45,54
ETH,low,heikin_ashi_ema,short,ranging,test,0.344,8.12,52
ETH,low,order_blocks,long,trending_up,train,1.408,165.69,37
ETH,low,order_blocks,long,trending_down,train,0.96,81.04,31
ETH,low,order_blocks,long,ranging,train,0.882,74.51,35
ETH,low,order_blocks,long,trending_up,test,-0.242,-23.78,25
ETH,low,order_blocks,long,trending_down,test,-0.461,-34.55,24
ETH,low,order_blocks,long,ranging,test,-0.088,-19.22,25
ETH,low,order_blocks,short,trending_up,train,0.187,3.48,28
ETH,low,order_blocks,short,trending_down,train,-0.095,-16.45,39
ETH,low,order_blocks,short,ranging,train,-0.27,-18.61,29
ETH,low,order_blocks,short,trending_up,test,0.703,25.51,17
ETH,low,order_blocks,short,trending_down,test,0.308,6.28,25
ETH,low,order_blocks,short,ranging,test,-0.362,-21.97,22
ETH,low,vwap_reversion,long,trending_up,train,-0.09,-9.55,145
ETH,low,vwap_reversion,long,trending_down,train,-0.462,-35.05,178
ETH,low,vwap_reversion,long,ranging,train,-0.808,-37.82,150
ETH,low,vwap_reversion,long,trending_up,test,-0.872,-33.53,79
ETH,low,vwap_reversion,long,trending_down,test,-1.314,-59.29,122
ETH,low,vwap_reversion,long,ranging,test,-0.471,-25.4,93
ETH,low,vwap_reversion,short,trending_up,train,-1.091,-58.33,168
ETH,low,vwap_reversion,short,trending_down,train,-1.291,-58.72,158
ETH,low,vwap_reversion,short,ranging,train,-1.623,-60.1,151
ETH,low,vwap_reversion,short,trending_up,test,0.514,17.23,99
ETH,low,vwap_reversion,short,trending_down,test,-0.332,-26.7,113
ETH,low,vwap_reversion,short,ranging,test,-0.445,-27.34,98
ETH,low,chart_pattern,long,trending_up,train,1.022,95.85,30
ETH,low,chart_pattern,long,trending_down,train,1.2,106.98,27
ETH,low,chart_pattern,long,ranging,train,0.736,50.2,31
ETH,low,chart_pattern,long,trending_up,test,-0.267,-27.23,15
ETH,low,chart_pattern,long,trending_down,test,0.044,-9.34,16
ETH,low,chart_pattern,long,ranging,test,0.064,-10.63,17
ETH,low,chart_pattern,short,trending_up,train,-0.084,-11.66,25
ETH,low,chart_pattern,short,trending_down,train,-0.452,-39.22,33
ETH,low,chart_pattern,short,ranging,train,-0.201,-19.98,31
ETH,low,chart_pattern,short,trending_up,test,0.501,14.56,13
ETH,low,chart_pattern,short,trending_down,test,-0.072,-14.44,16
ETH,low,chart_pattern,short,ranging,test,0.04,-4.92,14
ETH,low,liquidity_sweeps,long,trending_up,train,1.181,88.12,22
ETH,low,liquidity_sweeps,long,trending_down,train,1.359,145.74,22
ETH,low,liquidity_sweeps,long,ranging,train,1.644,135.76,19
ETH,low,liquidity_sweeps,long,trending_up,test,-0.83,-44.2,12
ETH,low,liquidity_sweeps,long,trending_down,test,-0.443,-35.42,12
ETH,low,liquidity_sweeps,long,ranging,test,-0.329,-25.77,13
ETH,low,liquidity_sweeps,short,trending_up,train,0.035,-36.78,17
ETH,low,liquidity_sweeps,short,trending_down,train,0.378,14.97,22
ETH,low,liquidity_sweeps,short,ranging,train,0.286,-7.15,18
ETH,low,liquidity_sweeps,short,trending_up,test,0.02,-18.41,12
ETH,low,liquidity_sweeps,short,trending_down,test,0.259,0.39,12
ETH,low,liquidity_sweeps,short,ranging,test,-0.147,-33.07,12
ETH,low,parabolic_sar,long,trending_up,train,0.357,13.94,114
ETH,low,parabolic_sar,long,trending_down,train,0.544,27.92,75
ETH,low,parabolic_sar,long,ranging,train,0.422,17.93,99
ETH,low,parabolic_sar,long,trending_up,test,-1.04,-46.14,68
ETH,low,parabolic_sar,long,trending_down,test,-1.292,-52.95,55
ETH,low,parabolic_sar,long,ranging,test,0.069,-4.78,61
ETH,low,parabolic_sar,short,trending_up,train,-0.881,-35.48,67
ETH,low,parabolic_sar,short,trending_down,train,-0.601,-41.12,108
ETH,low,parabolic_sar,short,ranging,train,0.248,6.46,93
ETH,low,parabolic_sar,short,trending_up,test,-0.218,-9.99,40
ETH,low,parabolic_sar,short,trending_down,test,0.071,-7.87,71
ETH,low,parabolic_sar,short,ranging,test,0.039,-6.99,65
ETH,low,range_scalper,long,trending_up,train,0.0,0.0,0
ETH,low,range_scalper,long,trending_down,train,0.0,0.0,0
ETH,low,range_scalper,long,ranging,train,0.0,0.0,0
ETH,low,range_scalper,long,trending_up,test,0.0,0.0,0
ETH,low,range_scalper,long,trending_down,test,0.0,0.0,0
ETH,low,range_scalper,long,ranging,test,0.0,0.0,0
ETH,low,range_scalper,short,trending_up,train,0.0,0.0,0
ETH,low,range_scalper,short,trending_down,train,0.0,0.0,0
ETH,low,range_scalper,short,ranging,train,0.0,0.0,0
ETH,low,range_scalper,short,trending_up,test,0.0,0.0,0
ETH,low,range_scalper,short,trending_down,test,0.0,0.0,0
ETH,low,range_scalper,short,ranging,test,0.0,0.0,0
ETH,low,sweep_squeeze_combo,long,trending_up,train,1.133,121.78,2
ETH,low,sweep_squeeze_combo,long,trending_down,train,0.924,89.3,2
ETH,low,sweep_squeeze_combo,long,ranging,train,1.166,128.75,3
ETH,low,sweep_squeeze_combo,long,trending_up,test,-0.227,-36.45,4
ETH,low,sweep_squeeze_combo,long,trending_down,test,-0.147,-32.73,5
ETH,low,sweep_squeeze_combo,long,ranging,test,-0.13,-32.42,5
ETH,low,sweep_squeeze_combo,short,trending_up,train,0.064,-7.43,3
ETH,low,sweep_squeeze_combo,short,trending_down,train,-0.029,-14.36,3
ETH,low,sweep_squeeze_combo,short,ranging,train,0.012,-11.11,3
ETH,low,sweep_squeeze_combo,short,trending_up,test,0.58,16.15,4
ETH,low,sweep_squeeze_combo,short,trending_down,test,0.152,1.26,4
ETH,low,sweep_squeeze_combo,short,ranging,test,0.302,6.27,4
ETH,low,adx_trend,long,trending_up,train,0.667,49.21,24
ETH,low,adx_trend,long,trending_down,train,0.484,26.35,14
ETH,low,adx_trend,long,ranging,train,0.514,29.51,14
ETH,low,adx_trend,long,trending_up,test,-0.091,-12.83,20
ETH,low,adx_trend,long,trending_down,test,0.674,24.88,7
ETH,low,adx_trend,long,ranging,test,0.407,11.37,7
ETH,low,adx_trend,short,trending_up,train,-0.733,-37.36,11
ETH,low,adx_trend,short,trending_down,train,-0.675,-45.66,25
ETH,low,adx_trend,short,ranging,train,-0.412,-28.56,13
ETH,low,adx_trend,short,trending_up,test,0.114,-30.54,9
ETH,low,adx_trend,short,trending_down,test,0.185,-33.4,21
ETH,low,adx_trend,short,ranging,test,0.223,-27.38,11
ETH,low,donchian_breakout,long,trending_up,train,0.683,47.69,44
ETH,low,donchian_breakout,long,trending_down,train,0.477,22.63,35
ETH,low,donchian_breakout,long,ranging,train,0.326,11.43,43
ETH,low,donchian_breakout,long,trending_up,test,-1.103,-54.25,30
ETH,low,donchian_breakout,long,trending_down,test,0.412,11.99,21
ETH,low,donchian_breakout,long,ranging,test,0.322,6.58,28
ETH,low,donchian_breakout,short,trending_up,train,-0.399,-16.03,22
ETH,low,donchian_breakout,short,trending_down,train,-0.438,-36.17,43
ETH,low,donchian_breakout,short,ranging,train,-0.195,-19.32,40
ETH,low,donchian_breakout,short,trending_up,test,-0.146,-7.25,14
ETH,low,donchian_breakout,short,trending_down,test,0.505,18.75,27
ETH,low,donchian_breakout,short,ranging,test,-0.527,-33.73,30
ETH,low,tema_cross,long,trending_up,train,1.312,90.86,37
ETH,low,tema_cross,long,trending_down,train,0.337,7.99,9
ETH,low,tema_cross,long,ranging,train,1.15,66.51,45
ETH,low,tema_cross,long,trending_up,test,0.372,8.16,20
ETH,low,tema_cross,long,trending_down,test,-0.518,-8.22,9
ETH,low,tema_cross,long,ranging,test,-0.723,-21.56,25
ETH,low,tema_cross,short,trending_up,train,-0.901,-58.17,38
ETH,low,tema_cross,short,trending_down,train,-0.964,-65.41,39
ETH,low,tema_cross,short,ranging,train,-0.267,-34.83,44
ETH,low,tema_cross,short,trending_up,test,0.675,33.28,25
ETH,low,tema_cross,short,trending_down,test,0.961,63.59,20
ETH,low,tema_cross,short,ranging,test,0.097,-14.28,28
SOL,high,sma_crossover,long,trending_up,train,1.825,676.66,38
SOL,high,sma_crossover,long,trending_down,train,1.166,154.08,38
SOL,high,sma_crossover,long,ranging,train,0.66,52.87,47
SOL,high,sma_crossover,long,trending_up,test,-0.317,-28.25,25
SOL,high,sma_crossover,long,trending_down,test,0.344,8.37,24
SOL,high,sma_crossover,long,ranging,test,0.289,4.3,31
SOL,high,sma_crossover,short,trending_up,train,-1.635,-70.28,37
SOL,high,sma_crossover,short,trending_down,train,-0.666,-59.4,36
SOL,high,sma_crossover,short,ranging,train,-1.167,-65.5,40
SOL,high,sma_crossover,short,trending_up,test,1.278,75.32,22
SOL,high,sma_crossover,short,trending_down,test,0.801,46.34,25
SOL,high,sma_crossover,short,ranging,test,0.538,21.33,30
SOL,high,ema_crossover,long,trending_up,train,2.082,997.34,48
SOL,high,ema_crossover,long,trending_down,train,0.877,78.88,43
SOL,high,ema_crossover,long,ranging,train,1.273,212.58,55
SOL,high,ema_crossover,long,trending_up,test,-0.659,-41.28,36
SOL,high,ema_crossover,long,trending_down,test,0.123,-0.85,32
SOL,high,ema_crossover,long,ranging,test,0.21,-0.31,42
SOL,high,ema_crossover,short,trending_up,train,-0.772,-37.88,38
SOL,high,ema_crossover,short,trending_down,train,-0.667,-59.53,52
SOL,high,ema_crossover,short,ranging,train,-0.685,-51.02,49
SOL,high,ema_crossover,short,trending_up,test,-0.153,-12.07,27
SOL,high,ema_crossover,short,trending_down,test,-0.048,-17.59,37
SOL,high,ema_crossover,short,ranging,test,0.356,8.06,45
SOL,high,rsi,long,trending_up,train,0.809,68.78,17
SOL,high,rsi,long,trending_down,train,0.698,61.56,17
SOL,high,rsi,long,ranging,train,0.807,69.1,14
SOL,high,rsi,long,trending_up,test,-0.321,-34.49,13
SOL,high,rsi,long,trending_down,test,-0.153,-30.1,13
SOL,high,rsi,long,ranging,test,0.47,16.33,10
SOL,high,rsi,short,trending_up,train,-0.623,-123.32,18
SOL,high,rsi,short,trending_down,train,0.123,-89.08,17
SOL,high,rsi,short,ranging,train,0.868,-89.91,15
SOL,high,rsi,short,trending_up,test,0.896,61.95,13
SOL,high,rsi,short,trending_down,test,0.294,-0.32,13
SOL,high,rsi,short,ranging,test,0.294,-0.95,11
SOL,high,bollinger_bands,long,trending_up,train,1.782,226.51,42
SOL,high,bollinger_bands,long,trending_down,train,0.756,74.8,40
SOL,high,bollinger_bands,long,ranging,train,0.877,84.33,25
SOL,high,bollinger_bands,long,trending_up,test,-0.507,-32.67,26
SOL,high,bollinger_bands,long,trending_down,test,0.168,-8.5,31
SOL,high,bollinger_bands,long,ranging,test,0.131,-5.87,22
SOL,high,bollinger_bands,short,trending_up,train,-0.53,-103.53,43
SOL,high,bollinger_bands,short,trending_down,train,-0.292,-47.52,41
SOL,high,bollinger_bands,short,ranging,train,-0.078,-37.56,33
SOL,high,bollinger_bands,short,trending_up,test,1.555,146.22,31
SOL,high,bollinger_bands,short,trending_down,test,0.703,34.3,30
SOL,high,bollinger_bands,short,ranging,test,0.601,27.26,27
SOL,high,macd,long,trending_up,train,1.826,546.81,99
SOL,high,macd,long,trending_down,train,0.574,37.93,77
SOL,high,macd,long,ranging,train,1.498,192.92,80
SOL,high,macd,long,trending_up,test,-0.751,-41.91,66
SOL,high,macd,long,trending_down,test,-0.433,-33.8,45
SOL,high,macd,long,ranging,test,-0.251,-21.53,65
SOL,high,macd,short,trending_up,train,-0.946,-78.48,78
SOL,high,macd,short,trending_down,train,-0.732,-62.33,107
SOL,high,macd,short,ranging,train,-0.145,-24.91,83
SOL,high,macd,short,trending_up,test,-0.125,-11.52,42
SOL,high,macd,short,trending_down,test,0.215,-0.22,67
SOL,high,macd,short,ranging,test,0.29,4.77,69
SOL,high,mean_reversion,long,trending_up,train,1.014,77.61,42
SOL,high,mean_reversion,long,trending_down,train,0.178,-12.36,46
SOL,high,mean_reversion,long,ranging,train,0.202,-0.93,30
SOL,high,mean_reversion,long,trending_up,test,-1.609,-47.25,31
SOL,high,mean_reversion,long,trending_down,test,-0.759,-50.55,40
SOL,high,mean_reversion,long,ranging,test,-0.904,-43.06,27
SOL,high,mean_reversion,short,trending_up,train,0.781,-104.93,41
SOL,high,mean_reversion,short,trending_down,train,-0.685,-121.5,45
SOL,high,mean_reversion,short,ranging,train,0.679,-115.79,47
SOL,high,mean_reversion,short,trending_up,test,0.531,21.25,30
SOL,high,mean_reversion,short,trending_down,test,0.786,44.69,41
SOL,high,mean_reversion,short,ranging,test,-0.103,-28.53,37
SOL,high,momentum,long,trending_up,train,1.848,697.66,50
SOL,high,momentum,long,trending_down,train,1.325,189.33,43
SOL,high,momentum,long,ranging,train,0.806,75.4,44
SOL,high,momentum,long,trending_up,test,-1.138,-59.21,37
SOL,high,momentum,long,trending_down,test,-0.255,-23.42,35
SOL,high,momentum,long,ranging,test,-0.414,-31.83,29
SOL,high,momentum,short,trending_up,train,-0.962,-57.98,35
SOL,high,momentum,short,trending_down,train,-0.439,-51.82,48
SOL,high,momentum,short,ranging,train,-0.994,-58.91,35
SOL,high,momentum,short,trending_up,test,-0.865,-28.88,22
SOL,high,momentum,short,trending_down,test,-0.235,-30.64,42
SOL,high,momentum,short,ranging,test,0.097,-6.5,34
SOL,high,volume_weighted,long,trending_up,train,1.909,574.66,22
SOL,high,volume_weighted,long,trending_down,train,0.965,94.82,21
SOL,high,volume_weighted,long,ranging,train,1.086,126.74,21
SOL,high,volume_weighted,long,trending_up,test,-0.399,-28.66,17
SOL,high,volume_weighted,long,trending_down,test,0.026,-9.04,16
SOL,high,volume_weighted,long,ranging,test,-0.022,-10.09,16
SOL,high,volume_weighted,short,trending_up,train,0.66,-61.98,17
SOL,high,volume_weighted,short,trending_down,train,0.778,-33.61,19
SOL,high,volume_weighted,short,ranging,train,0.408,-31.66,22
SOL,high,volume_weighted,short,trending_up,test,0.618,28.2,17
SOL,high,volume_weighted,short,trending_down,test,1.233,95.87,19
SOL,high,volume_weighted,short,ranging,test,0.737,41.17,19
SOL,high,triple_ema,long,trending_up,train,1.694,471.01,50
SOL,high,triple_ema,long,trending_down,train,-0.063,-12.09,34
SOL,high,triple_ema,long,ranging,train,1.187,166.73,53
SOL,high,triple_ema,long,trending_up,test,-0.768,-35.48,34
SOL,high,triple_ema,long,trending_down,test,-1.719,-28.5,21
SOL,high,triple_ema,long,ranging,test,0.217,1.85,35
SOL,high,triple_ema,short,trending_up,train,-1.245,-65.24,41
SOL,high,triple_ema,short,trending_down,train,-0.882,-71.92,52
SOL,high,triple_ema,short,ranging,train,-1.037,-66.79,49
SOL,high,triple_ema,short,trending_up,test,1.088,65.83,27
SOL,high,triple_ema,short,trending_down,test,0.289,3.0,37
SOL,high,triple_ema,short,ranging,test,0.898,52.37,40
SOL,high,rsi_macd_combo,long,trending_up,train,1.418,194.73,24
SOL,high,rsi_macd_combo,long,trending_down,train,1.079,151.63,24
SOL,high,rsi_macd_combo,long,ranging,train,0.553,36.16,19
SOL,high,rsi_macd_combo,long,trending_up,test,-0.924,-61.74,16
SOL,high,rsi_macd_combo,long,trending_down,test,-0.778,-59.5,15
SOL,high,rsi_macd_combo,long,ranging,test,0.088,-13.33,14
SOL,high,rsi_macd_combo,short,trending_up,train,1.333,-152.48,23
SOL,high,rsi_macd_combo,short,trending_down,train,-0.235,-98.87,24
SOL,high,rsi_macd_combo,short,ranging,train,0.735,-93.98,20
SOL,high,rsi_macd_combo,short,trending_up,test,1.011,63.47,16
SOL,high,rsi_macd_combo,short,trending_down,test,0.14,-6.59,16
SOL,high,rsi_macd_combo,short,ranging,test,0.421,12.71,12
SOL,high,stoch_rsi,long,trending_up,train,1.077,133.48,59
SOL,high,stoch_rsi,long,trending_down,train,0.705,62.09,68
SOL,high,stoch_rsi,long,ranging,train,0.767,61.28,50
SOL,high,stoch_rsi,long,trending_up,test,0.713,29.05,36
SOL,high,stoch_rsi,long,trending_down,test,0.102,-9.46,56
SOL,high,stoch_rsi,long,ranging,test,-1.204,-57.24,44
SOL,high,stoch_rsi,short,trending_up,train,-1.717,-95.53,68
SOL,high,stoch_rsi,short,trending_down,train,-0.498,-53.62,52
SOL,high,stoch_rsi,short,ranging,train,-0.696,-69.58,52
SOL,high,stoch_rsi,short,trending_up,test,1.535,120.02,51
SOL,high,stoch_rsi,short,trending_down,test,0.376,9.25,41
SOL,high,stoch_rsi,short,ranging,test,-0.244,-23.62,40
SOL,high,supertrend,long,trending_up,train,0.0,0.0,0
SOL,high,supertrend,long,trending_down,train,0.0,0.0,0
SOL,high,supertrend,long,ranging,train,0.0,0.0,0
SOL,high,supertrend,long,trending_up,test,0.0,0.0,0
SOL,high,supertrend,long,trending_down,test,0.0,0.0,0
SOL,high,supertrend,long,ranging,test,0.0,0.0,0
SOL,high,supertrend,short,trending_up,train,0.0,0.0,0
SOL,high,supertrend,short,trending_down,train,0.0,0.0,0
SOL,high,supertrend,short,ranging,train,0.0,0.0,0
SOL,high,supertrend,short,trending_up,test,0.0,0.0,0
SOL,high,supertrend,short,trending_down,test,0.0,0.0,0
SOL,high,supertrend,short,ranging,test,0.0,0.0,0
SOL,high,ichimoku_cloud,long,trending_up,train,1.674,460.23,19
SOL,high,ichimoku_cloud,long,trending_down,train,1.844,501.91,20
SOL,high,ichimoku_cloud,long,ranging,train,1.79,488.26,17
SOL,high,ichimoku_cloud,long,trending_up,test,-0.089,-19.23,12
SOL,high,ichimoku_cloud,long,trending_down,test,-0.266,-24.91,11
SOL,high,ichimoku_cloud,long,ranging,test,0.267,2.71,11
SOL,high,ichimoku_cloud,short,trending_up,train,-0.519,-54.78,16
SOL,high,ichimoku_cloud,short,trending_down,train,0.17,-7.22,19
SOL,high,ichimoku_cloud,short,ranging,train,-0.255,-66.1,16
SOL,high,ichimoku_cloud,short,trending_up,test,1.338,76.01,11
SOL,high,ichimoku_cloud,short,trending_down,test,1.519,111.13,9
SOL,high,ichimoku_cloud,short,ranging,test,0.609,27.07,12
SOL,high,pairs_spread,long,trending_up,train,1.176,87.39,33
SOL,high,pairs_spread,long,trending_down,train,0.284,1.2,39
SOL,high,pairs_spread,long,ranging,train,1.023,78.68,21
SOL,high,pairs_spread,long,trending_up,test,-1.524,-43.23,24
SOL,high,pairs_spread,long,trending_down,test,-0.691,-47.04,32
SOL,high,pairs_spread,long,ranging,test,-0.752,-32.19,18
SOL,high,pairs_spread,short,trending_up,train,0.78,-103.14,35
SOL,high,pairs_spread,short,trending_down,train,-0.685,-117.39,38
SOL,high,pairs_spread,short,ranging,train,0.681,-113.74,39
SOL,high,pairs_spread,short,trending_up,test,0.267,-3.95,22
SOL,high,pairs_spread,short,trending_down,test,0.467,13.47,31
SOL,high,pairs_spread,short,ranging,test,0.063,-21.15,26
SOL,high,squeeze_momentum,long,trending_up,train,1.027,165.46,18
SOL,high,squeeze_momentum,long,trending_down,train,0.333,4.29,17
SOL,high,squeeze_momentum,long,ranging,train,0.282,-2.35,17
SOL,high,squeeze_momentum,long,trending_up,test,-0.171,-29.03,8
SOL,high,squeeze_momentum,long,trending_down,test,-0.177,-29.49,8
SOL,high,squeeze_momentum,long,ranging,test,-0.398,-40.81,9
SOL,high,squeeze_momentum,short,trending_up,train,-1.319,-90.44,16
SOL,high,squeeze_momentum,short,trending_down,train,-1.254,-91.56,15
SOL,high,squeeze_momentum,short,ranging,train,-0.93,-72.9,17
SOL,high,squeeze_momentum,short,trending_up,test,0.9,41.98,7
SOL,high,squeeze_momentum,short,trending_down,test,0.438,13.64,9
SOL,high,squeeze_momentum,short,ranging,test,0.656,29.86,10
SOL,high,atr_breakout,long,trending_up,train,2.026,1049.84,36
SOL,high,atr_breakout,long,trending_down,train,1.079,151.6,29
SOL,high,atr_breakout,long,ranging,train,1.142,178.51,30
SOL,high,atr_breakout,long,trending_up,test,-0.955,-52.42,31
SOL,high,atr_breakout,long,trending_down,test,-1.417,-56.95,23
SOL,high,atr_breakout,long,ranging,test,0.055,-9.31,26
SOL,high,atr_breakout,short,trending_up,train,-0.517,-38.03,26
SOL,high,atr_breakout,short,trending_down,train,-0.188,-33.0,34
SOL,high,atr_breakout,short,ranging,train,-0.805,-54.35,24
SOL,high,atr_breakout,short,trending_up,test,0.691,30.32,21
SOL,high,atr_breakout,short,trending_down,test,0.374,8.8,31
SOL,high,atr_breakout,short,ranging,test,0.114,-4.88,24
SOL,high,amd_ifvg,long,trending_up,train,0.0,0.0,0
SOL,high,amd_ifvg,long,trending_down,train,0.0,0.0,0
SOL,high,amd_ifvg,long,ranging,train,0.0,0.0,0
SOL,high,amd_ifvg,long,trending_up,test,0.0,0.0,0
SOL,high,amd_ifvg,long,trending_down,test,0.0,0.0,0
SOL,high,amd_ifvg,long,ranging,test,0.0,0.0,0
SOL,high,amd_ifvg,short,trending_up,train,0.0,0.0,0
SOL,high,amd_ifvg,short,trending_down,train,0.0,0.0,0
SOL,high,amd_ifvg,short,ranging,train,0.0,0.0,0
SOL,high,amd_ifvg,short,trending_up,test,0.0,0.0,0
SOL,high,amd_ifvg,short,trending_down,test,0.0,0.0,0
SOL,high,amd_ifvg,short,ranging,test,0.0,0.0,0
SOL,high,heikin_ashi_ema,long,trending_up,train,1.614,439.56,74
SOL,high,heikin_ashi_ema,long,trending_down,train,0.237,3.49,64
SOL,high,heikin_ashi_ema,long,ranging,train,1.586,323.45,65
SOL,high,heikin_ashi_ema,long,trending_up,test,-1.398,-59.44,61
SOL,high,heikin_ashi_ema,long,trending_down,test,-1.676,-48.51,39
SOL,high,heikin_ashi_ema,long,ranging,test,0.058,-6.41,51
SOL,high,heikin_ashi_ema,short,trending_up,train,-1.276,-64.72,52
SOL,high,heikin_ashi_ema,short,trending_down,train,-0.637,-60.29,82
SOL,high,heikin_ashi_ema,short,ranging,train,-0.278,-32.35,62
SOL,high,heikin_ashi_ema,short,trending_up,test,-0.555,-27.67,39
SOL,high,heikin_ashi_ema,short,trending_down,test,-0.588,-46.24,65
SOL,high,heikin_ashi_ema,short,ranging,test,0.529,20.64,55
SOL,high,order_blocks,long,trending_up,train,1.764,664.34,31
SOL,high,order_blocks,long,trending_down,train,0.893,103.64,36
SOL,high,order_blocks,long,ranging,train,1.296,239.73,26
SOL,high,order_blocks,long,trending_up,test,-0.49,-39.92,25
SOL,high,order_blocks,long,trending_down,test,-0.682,-44.84,23
SOL,high,order_blocks,long,ranging,test,0.11,-7.81,27
SOL,high,order_blocks,short,trending_up,train,-0.97,-60.24,26
SOL,high,order_blocks,short,trending_down,train,-0.487,-52.94,32
SOL,high,order_blocks,short,ranging,train,-0.423,-41.13,21
SOL,high,order_blocks,short,trending_up,test,1.486,86.87,18
SOL,high,order_blocks,short,trending_down,test,0.432,13.48,27
SOL,high,order_blocks,short,ranging,test,0.816,39.64,20
SOL,high,vwap_reversion,long,trending_up,train,1.541,246.17,149
SOL,high,vwap_reversion,long,trending_down,train,0.397,16.82,172
SOL,high,vwap_reversion,long,ranging,train,-0.363,-31.1,111
SOL,high,vwap_reversion,long,trending_up,test,-0.067,-11.95,84
SOL,high,vwap_reversion,long,trending_down,test,0.205,-2.55,140
SOL,high,vwap_reversion,long,ranging,test,0.352,8.62,96
SOL,high,vwap_reversion,short,trending_up,train,-1.015,-83.54,189
SOL,high,vwap_reversion,short,trending_down,train,0.159,-6.38,150
SOL,high,vwap_reversion,short,ranging,train,-1.888,-85.97,122
SOL,high,vwap_reversion,short,trending_up,test,0.563,21.86,103
SOL,high,vwap_reversion,short,trending_down,test,0.337,7.06,122
SOL,high,vwap_reversion,short,ranging,test,0.884,43.77,99
SOL,high,chart_pattern,long,trending_up,train,1.668,556.69,26
SOL,high,chart_pattern,long,trending_down,train,0.969,123.74,24
SOL,high,chart_pattern,long,ranging,train,0.7,62.37,25
SOL,high,chart_pattern,long,trending_up,test,-0.556,-46.99,12
SOL,high,chart_pattern,long,trending_down,test,-0.47,-40.72,12
SOL,high,chart_pattern,long,ranging,test,-0.557,-47.71,12
SOL,high,chart_pattern,short,trending_up,train,-1.108,-63.71,22
SOL,high,chart_pattern,short,trending_down,train,-0.56,-54.46,26
SOL,high,chart_pattern,short,ranging,train,-1.171,-65.68,21
SOL,high,chart_pattern,short,trending_up,test,0.652,24.6,11
SOL,high,chart_pattern,short,trending_down,test,0.354,8.42,13
SOL,high,chart_pattern,short,ranging,test,1.0,51.31,12
SOL,high,liquidity_sweeps,long,trending_up,train,0.852,84.75,13
SOL,high,liquidity_sweeps,long,trending_down,train,0.652,54.33,13
SOL,high,liquidity_sweeps,long,ranging,train,1.017,117.19,12
SOL,high,liquidity_sweeps,long,trending_up,test,-0.831,-52.12,11
SOL,high,liquidity_sweeps,long,trending_down,test,-0.68,-52.74,11
SOL,high,liquidity_sweeps,long,ranging,test,-0.285,-29.41,11
SOL,high,liquidity_sweeps,short,trending_up,train,-0.07,-176.02,10
SOL,high,liquidity_sweeps,short,trending_down,train,-0.367,-97.47,13
SOL,high,liquidity_sweeps,short,ranging,train,0.824,-92.35,10
SOL,high,liquidity_sweeps,short,trending_up,test,0.405,10.8,12
SOL,high,liquidity_sweeps,short,trending_down,test,-0.055,-22.79,12
SOL,high,liquidity_sweeps,short,ranging,test,-0.088,-25.79,9
SOL,high,parabolic_sar,long,trending_up,train,2.141,859.36,115
SOL,high,parabolic_sar,long,trending_down,train,0.344,12.61,83
SOL,high,parabolic_sar,long,ranging,train,1.559,199.51,76
SOL,high,parabolic_sar,long,trending_up,test,-0.45,-32.24,73
SOL,high,parabolic_sar,long,trending_down,test,-0.73,-42.07,54
SOL,high,parabolic_sar,long,ranging,test,-0.218,-19.22,64
SOL,high,parabolic_sar,short,trending_up,train,-0.6,-53.94,85
SOL,high,parabolic_sar,short,trending_down,train,-0.29,-41.79,113
SOL,high,parabolic_sar,short,ranging,train,0.063,-7.97,75
SOL,high,parabolic_sar,short,trending_up,test,-0.382,-17.96,45
SOL,high,parabolic_sar,short,trending_down,test,-0.355,-31.94,84
SOL,high,parabolic_sar,short,ranging,test,0.484,16.69,64
SOL,high,range_scalper,long,trending_up,train,0.0,0.0,0
SOL,high,range_scalper,long,trending_down,train,0.0,0.0,0
SOL,high,range_scalper,long,ranging,train,0.0,0.0,0
SOL,high,range_scalper,long,trending_up,test,0.0,0.0,0
SOL,high,range_scalper,long,trending_down,test,0.0,0.0,0
SOL,high,range_scalper,long,ranging,test,0.0,0.0,0
SOL,high,range_scalper,short,trending_up,train,0.0,0.0,0
SOL,high,range_scalper,short,trending_down,train,0.0,0.0,0
SOL,high,range_scalper,short,ranging,train,0.0,0.0,0
SOL,high,range_scalper,short,trending_up,test,0.0,0.0,0
SOL,high,range_scalper,short,trending_down,test,0.0,0.0,0
SOL,high,range_scalper,short,ranging,test,0.0,0.0,0
SOL,high,sweep_squeeze_combo,long,trending_up,train,1.147,199.13,3
SOL,high,sweep_squeeze_combo,long,trending_down,train,1.041,165.72,3
SOL,high,sweep_squeeze_combo,long,ranging,train,1.036,163.18,3
SOL,high,sweep_squeeze_combo,long,trending_up,test,-0.689,-65.35,2
SOL,high,sweep_squeeze_combo,long,trending_down,test,-0.63,-63.01,2
SOL,high,sweep_squeeze_combo,long,ranging,test,-0.57,-62.53,2
SOL,high,sweep_squeeze_combo,short,trending_up,train,-0.029,-112.92,2
SOL,high,sweep_squeeze_combo,short,trending_down,train,0.823,-93.77,2
SOL,high,sweep_squeeze_combo,short,ranging,train,0.586,-118.58,2
SOL,high,sweep_squeeze_combo,short,trending_up,test,0.363,6.62,1
SOL,high,sweep_squeeze_combo,short,trending_down,test,0.078,-0.44,1
SOL,high,sweep_squeeze_combo,short,ranging,test,0.066,-0.75,1
SOL,high,adx_trend,long,trending_up,train,1.834,551.11,35
SOL,high,adx_trend,long,trending_down,train,1.895,459.73,16
SOL,high,adx_trend,long,ranging,train,1.901,466.3,15
SOL,high,adx_trend,long,trending_up,test,-2.393,-84.99,19
SOL,high,adx_trend,long,trending_down,test,-2.179,-78.59,9
SOL,high,adx_trend,long,ranging,test,-1.561,-62.1,6
SOL,high,adx_trend,short,trending_up,train,-0.571,-76.27,15
SOL,high,adx_trend,short,trending_down,train,-0.43,-79.9,36
SOL,high,adx_trend,short,ranging,train,-0.221,-56.23,17
SOL,high,adx_trend,short,trending_up,test,-0.768,-54.23,12
SOL,high,adx_trend,short,trending_down,test,-1.09,-71.44,18
SOL,high,adx_trend,short,ranging,test,-0.686,-58.02,12
SOL,high,donchian_breakout,long,trending_up,train,1.695,535.23,43
SOL,high,donchian_breakout,long,trending_down,train,0.304,8.29,32
SOL,high,donchian_breakout,long,ranging,train,0.399,16.52,43
SOL,high,donchian_breakout,long,trending_up,test,-0.612,-44.01,28
SOL,high,donchian_breakout,long,trending_down,test,-0.262,-24.22,26
SOL,high,donchian_breakout,long,ranging,test,0.281,3.06,25
SOL,high,donchian_breakout,short,trending_up,train,-0.836,-48.19,32
SOL,high,donchian_breakout,short,trending_down,train,-0.584,-56.87,42
SOL,high,donchian_breakout,short,ranging,train,-0.79,-58.58,34
SOL,high,donchian_breakout,short,trending_up,test,0.532,16.57,17
SOL,high,donchian_breakout,short,trending_down,test,0.649,30.81,29
SOL,high,donchian_breakout,short,ranging,test,0.676,31.97,27
SOL,high,tema_cross,long,trending_up,train,1.68,343.03,47
SOL,high,tema_cross,long,trending_down,train,0.242,5.29,9
SOL,high,tema_cross,long,ranging,train,0.89,63.43,30
SOL,high,tema_cross,long,trending_up,test,-0.353,-14.51,24
SOL,high,tema_cross,long,trending_down,test,-0.218,-2.09,3
SOL,high,tema_cross,long,ranging,test,-0.34,-10.74,23
SOL,high,tema_cross,short,trending_up,train,-1.094,-82.77,45
SOL,high,tema_cross,short,trending_down,train,-0.923,-82.39,39
SOL,high,tema_cross,short,ranging,train,-0.664,-69.17,40
SOL,high,tema_cross,short,trending_up,test,0.762,40.61,27
SOL,high,tema_cross,short,trending_down,test,0.298,2.74,24
SOL,high,tema_cross,short,ranging,test,0.606,28.21,27
XRP,low,sma_crossover,long,trending_up,train,1.177,155.25,30
XRP,low,sma_crossover,long,trending_down,train,1.057,96.63,33
XRP,low,sma_crossover,long,ranging,train,0.31,5.38,40
XRP,low,sma_crossover,long,trending_up,test,0.068,-5.39,16
XRP,low,sma_crossover,long,trending_down,test,0.531,13.63,20
XRP,low,sma_crossover,long,ranging,test,0.551,16.69,26
XRP,low,sma_crossover,short,trending_up,train,-0.361,-21.0,31
XRP,low,sma_crossover,short,trending_down,train,-0.425,-40.97,36
XRP,low,sma_crossover,short,ranging,train,0.188,-0.4,37
XRP,low,sma_crossover,short,trending_up,test,1.397,51.19,21
XRP,low,sma_crossover,short,trending_down,test,0.349,6.79,23
XRP,low,sma_crossover,short,ranging,test,0.303,5.12,26
XRP,low,ema_crossover,long,trending_up,train,1.278,179.35,41
XRP,low,ema_crossover,long,trending_down,train,0.916,66.87,35
XRP,low,ema_crossover,long,ranging,train,0.245,-0.22,52
XRP,low,ema_crossover,long,trending_up,test,-0.775,-35.55,31
XRP,low,ema_crossover,long,trending_down,test,-1.466,-27.55,22
XRP,low,ema_crossover,long,ranging,test,-0.313,-21.09,42
XRP,low,ema_crossover,short,trending_up,train,-0.409,-23.42,27
XRP,low,ema_crossover,short,trending_down,train,0.072,-13.88,45
XRP,low,ema_crossover,short,ranging,train,0.021,-12.54,51
XRP,low,ema_crossover,short,trending_up,test,-0.318,-9.37,21
XRP,low,ema_crossover,short,trending_down,test,-0.006,-9.8,32
XRP,low,ema_crossover,short,ranging,test,-0.134,-15.73,44
XRP,low,rsi,long,trending_up,train,0.255,4.93,16
XRP,low,rsi,long,trending_down,train,0.357,10.08,16
XRP,low,rsi,long,ranging,train,-0.18,-21.39,13
XRP,low,rsi,long,trending_up,test,0.002,-9.55,14
XRP,low,rsi,long,trending_down,test,0.557,19.46,14
XRP,low,rsi,long,ranging,test,0.438,11.82,12
XRP,low,rsi,short,trending_up,train,0.16,-361.94,15
XRP,low,rsi,short,trending_down,train,-0.39,-50.99,15
XRP,low,rsi,short,ranging,train,0.791,-32.47,15
XRP,low,rsi,short,trending_up,test,0.682,30.53,13
XRP,low,rsi,short,trending_down,test,1.951,89.56,13
XRP,low,rsi,short,ranging,test,0.266,-1.47,11
XRP,low,bollinger_bands,long,trending_up,train,0.029,-10.31,30
XRP,low,bollinger_bands,long,trending_down,train,0.699,49.91,38
XRP,low,bollinger_bands,long,ranging,train,0.271,4.28,31
XRP,low,bollinger_bands,long,trending_up,test,-0.305,-17.59,19
XRP,low,bollinger_bands,long,trending_down,test,0.292,2.61,24
XRP,low,bollinger_bands,long,ranging,test,0.412,10.4,20
XRP,low,bollinger_bands,short,trending_up,train,-1.296,-368.96,34
XRP,low,bollinger_bands,short,trending_down,train,-0.377,-70.51,34
XRP,low,bollinger_bands,short,ranging,train,0.7,-27.87,32
XRP,low,bollinger_bands,short,trending_up,test,0.614,24.42,24
XRP,low,bollinger_bands,short,trending_down,test,1.607,49.68,22
XRP,low,bollinger_bands,short,ranging,test,0.076,-13.04,23
XRP,low,macd,long,trending_up,train,1.324,156.5,80
XRP,low,macd,long,trending_down,train,0.154,-2.37,67
XRP,low,macd,long,ranging,train,0.614,33.69,82
XRP,low,macd,long,trending_up,test,-0.901,-36.92,59
XRP,low,macd,long,trending_down,test,-1.908,-50.45,44
XRP,low,macd,long,ranging,test,0.497,13.88,61
XRP,low,macd,short,trending_up,train,-0.466,-42.6,52
XRP,low,macd,short,trending_down,train,-0.889,-60.64,95
XRP,low,macd,short,ranging,train,0.303,7.92,81
XRP,low,macd,short,trending_up,test,-0.203,-11.76,36
XRP,low,macd,short,trending_down,test,-0.419,-24.34,62
XRP,low,macd,short,ranging,test,0.352,7.41,59
XRP,low,mean_reversion,long,trending_up,train,-0.506,-31.33,35
XRP,low,mean_reversion,long,trending_down,train,0.013,-19.74,44
XRP,low,mean_reversion,long,ranging,train,0.031,-9.58,28
XRP,low,mean_reversion,long,trending_up,test,-1.771,-34.37,23
XRP,low,mean_reversion,long,trending_down,test,-0.706,-36.97,28
XRP,low,mean_reversion,long,ranging,test,-0.479,-20.27,20
XRP,low,mean_reversion,short,trending_up,train,-1.152,-307.1,32
XRP,low,mean_reversion,short,trending_down,train,1.041,-295.52,46
XRP,low,mean_reversion,short,ranging,train,0.722,-23.23,40
XRP,low,mean_reversion,short,trending_up,test,-0.143,-33.22,24
XRP,low,mean_reversion,short,trending_down,test,-0.069,-27.89,27
XRP,low,mean_reversion,short,ranging,test,-0.21,-35.75,30
XRP,low,momentum,long,trending_up,train,1.397,221.16,31
XRP,low,momentum,long,trending_down,train,1.157,115.64,31
XRP,low,momentum,long,ranging,train,-0.03,-20.55,31
XRP,low,momentum,long,trending_up,test,-0.319,-21.63,24
XRP,low,momentum,long,trending_down,test,0.348,7.24,24
XRP,low,momentum,long,ranging,test,0.648,23.59,21
XRP,low,momentum,short,trending_up,train,-0.181,-17.7,27
XRP,low,momentum,short,trending_down,train,0.174,-5.43,37
XRP,low,momentum,short,ranging,train,-0.246,-24.18,26
XRP,low,momentum,short,trending_up,test,1.103,37.02,16
XRP,low,momentum,short,trending_down,test,-0.268,-20.09,27
XRP,low,momentum,short,ranging,test,0.569,19.0,24
XRP,low,volume_weighted,long,trending_up,train,1.08,134.28,20
XRP,low,volume_weighted,long,trending_down,train,1.566,305.73,20
XRP,low,volume_weighted,long,ranging,train,0.206,-7.73,27
XRP,low,volume_weighted,long,trending_up,test,-0.693,-39.63,12
XRP,low,volume_weighted,long,trending_down,test,-0.479,-32.3,11
XRP,low,volume_weighted,long,ranging,test,-0.29,-25.17,10
XRP,low,volume_weighted,short,trending_up,train,-0.416,-45.46,16
XRP,low,volume_weighted,short,trending_down,train,-0.252,-36.46,28
XRP,low,volume_weighted,short,ranging,train,0.532,27.71,27
XRP,low,volume_weighted,short,trending_up,test,-0.06,-29.01,8
XRP,low,volume_weighted,short,trending_down,test,0.814,27.99,11
XRP,low,volume_weighted,short,ranging,test,0.316,-3.6,10
XRP,low,triple_ema,long,trending_up,train,0.975,97.76,41
XRP,low,triple_ema,long,trending_down,train,0.878,54.92,30
XRP,low,triple_ema,long,ranging,train,-0.344,-34.29,49
XRP,low,triple_ema,long,trending_up,test,-0.618,-28.7,31
XRP,low,triple_ema,long,trending_down,test,-0.737,-8.02,12
XRP,low,triple_ema,long,ranging,test,-0.036,-6.23,24
XRP,low,triple_ema,short,trending_up,train,-0.931,-46.0,32
XRP,low,triple_ema,short,trending_down,train,-0.603,-53.4,41
XRP,low,triple_ema,short,ranging,train,-0.504,-41.79,51
XRP,low,triple_ema,short,trending_up,test,0.003,-6.07,26
XRP,low,triple_ema,short,trending_down,test,0.041,-9.26,26
XRP,low,triple_ema,short,ranging,test,0.049,-8.57,31
XRP,low,rsi_macd_combo,long,trending_up,train,0.147,-3.59,20
XRP,low,rsi_macd_combo,long,trending_down,train,0.539,28.09,19
XRP,low,rsi_macd_combo,long,ranging,train,0.064,-6.5,17
XRP,low,rsi_macd_combo,long,trending_up,test,-0.128,-15.46,18
XRP,low,rsi_macd_combo,long,trending_down,test,0.072,-9.42,15
XRP,low,rsi_macd_combo,long,ranging,test,0.381,8.32,16
XRP,low,rsi_macd_combo,short,trending_up,train,0.935,-306.96,17
XRP,low,rsi_macd_combo,short,trending_down,train,-0.398,-59.87,20
XRP,low,rsi_macd_combo,short,ranging,train,0.856,-2.23,18
XRP,low,rsi_macd_combo,short,trending_up,test,0.332,0.71,15
XRP,low,rsi_macd_combo,short,trending_down,test,1.596,63.08,15
XRP,low,rsi_macd_combo,short,ranging,test,0.126,-9.96,16
XRP,low,stoch_rsi,long,trending_up,train,1.795,230.59,35
XRP,low,stoch_rsi,long,trending_down,train,-0.238,-33.35,57
XRP,low,stoch_rsi,long,ranging,train,-0.535,-37.77,43
XRP,low,stoch_rsi,long,trending_up,test,-0.352,-17.87,31
XRP,low,stoch_rsi,long,trending_down,test,0.328,6.12,46
XRP,low,stoch_rsi,long,ranging,test,0.238,2.05,37
XRP,low,stoch_rsi,short,trending_up,train,-0.257,-48.93,63
XRP,low,stoch_rsi,short,trending_down,train,-1.211,-76.68,51
XRP,low,stoch_rsi,short,ranging,train,-0.21,-26.96,47
XRP,low,stoch_rsi,short,trending_up,test,0.606,20.05,43
XRP,low,stoch_rsi,short,trending_down,test,1.07,41.08,36
XRP,low,stoch_rsi,short,ranging,test,-0.224,-17.02,38
XRP,low,supertrend,long,trending_up,train,0.0,0.0,0
XRP,low,supertrend,long,trending_down,train,0.0,0.0,0
XRP,low,supertrend,long,ranging,train,0.0,0.0,0
XRP,low,supertrend,long,trending_up,test,0.0,0.0,0
XRP,low,supertrend,long,trending_down,test,0.0,0.0,0
XRP,low,supertrend,long,ranging,test,0.0,0.0,0
XRP,low,supertrend,short,trending_up,train,0.0,0.0,0
XRP,low,supertrend,short,trending_down,train,0.0,0.0,0
XRP,low,supertrend,short,ranging,train,0.0,0.0,0
XRP,low,supertrend,short,trending_up,test,0.0,0.0,0
XRP,low,supertrend,short,trending_down,test,0.0,0.0,0
XRP,low,supertrend,short,ranging,test,0.0,0.0,0
XRP,low,ichimoku_cloud,long,trending_up,train,0.633,41.58,14
XRP,low,ichimoku_cloud,long,trending_down,train,-0.214,-34.47,10
XRP,low,ichimoku_cloud,long,ranging,train,-0.777,-61.47,14
XRP,low,ichimoku_cloud,long,trending_up,test,-0.395,-23.53,12
XRP,low,ichimoku_cloud,long,trending_down,test,-1.06,-33.42,10
XRP,low,ichimoku_cloud,long,ranging,test,-0.374,-22.28,14
XRP,low,ichimoku_cloud,short,trending_up,train,0.19,-76.5,16
XRP,low,ichimoku_cloud,short,trending_down,train,-0.785,-98.12,18
XRP,low,ichimoku_cloud,short,ranging,train,0.377,-84.22,17
XRP,low,ichimoku_cloud,short,trending_up,test,0.575,18.94,13
XRP,low,ichimoku_cloud,short,trending_down,test,0.005,-12.0,12
XRP,low,ichimoku_cloud,short,ranging,test,0.381,8.33,15
XRP,low,pairs_spread,long,trending_up,train,0.006,-7.26,27
XRP,low,pairs_spread,long,trending_down,train,0.371,10.58,40
XRP,low,pairs_spread,long,ranging,train,0.309,8.56,23
XRP,low,pairs_spread,long,trending_up,test,-1.56,-30.04,19
XRP,low,pairs_spread,long,trending_down,test,-0.467,-26.7,23
XRP,low,pairs_spread,long,ranging,test,0.232,3.17,15
XRP,low,pairs_spread,short,trending_up,train,-1.127,-408.73,31
XRP,low,pairs_spread,short,trending_down,train,1.08,-347.96,38
XRP,low,pairs_spread,short,ranging,train,0.758,-6.06,34
XRP,low,pairs_spread,short,trending_up,test,0.166,-15.34,18
XRP,low,pairs_spread,short,trending_down,test,0.077,-21.3,23
XRP,low,pairs_spread,short,ranging,test,0.126,-17.29,26
XRP,low,squeeze_momentum,long,trending_up,train,1.023,124.59,19
XRP,low,squeeze_momentum,long,trending_down,train,0.699,52.1,16
XRP,low,squeeze_momentum,long,ranging,train,0.318,1.07,17
XRP,low,squeeze_momentum,long,trending_up,test,-1.347,-50.88,12
XRP,low,squeeze_momentum,long,trending_down,test,-0.558,-27.05,9
XRP,low,squeeze_momentum,long,ranging,test,-0.616,-35.19,11
XRP,low,squeeze_momentum,short,trending_up,train,-0.508,-37.98,13
XRP,low,squeeze_momentum,short,trending_down,train,-0.07,-23.53,17
XRP,low,squeeze_momentum,short,ranging,train,0.423,16.22,17
XRP,low,squeeze_momentum,short,trending_up,test,-0.75,-51.54,12
XRP,low,squeeze_momentum,short,trending_down,test,-0.952,-67.65,11
XRP,low,squeeze_momentum,short,ranging,test,-1.06,-61.37,12
XRP,low,atr_breakout,long,trending_up,train,0.907,91.35,31
XRP,low,atr_breakout,long,trending_down,train,1.178,155.63,29
XRP,low,atr_breakout,long,ranging,train,-0.272,-39.21,31
XRP,low,atr_breakout,long,trending_up,test,-1.224,-51.43,28
XRP,low,atr_breakout,long,trending_down,test,-1.785,-51.06,22
XRP,low,atr_breakout,long,ranging,test,-0.014,-10.27,24
XRP,low,atr_breakout,short,trending_up,train,-0.094,-14.08,23
XRP,low,atr_breakout,short,trending_down,train,-0.712,-58.89,36
XRP,low,atr_breakout,short,ranging,train,0.615,32.47,28
XRP,low,atr_breakout,short,trending_up,test,-0.772,-24.58,17
XRP,low,atr_breakout,short,trending_down,test,-0.894,-39.87,27
XRP,low,atr_breakout,short,ranging,test,-0.256,-18.29,25
XRP,low,amd_ifvg,long,trending_up,train,0.0,0.0,0
XRP,low,amd_ifvg,long,trending_down,train,0.0,0.0,0
XRP,low,amd_ifvg,long,ranging,train,0.0,0.0,0
XRP,low,amd_ifvg,long,trending_up,test,0.0,0.0,0
XRP,low,amd_ifvg,long,trending_down,test,0.0,0.0,0
XRP,low,amd_ifvg,long,ranging,test,0.0,0.0,0
XRP,low,amd_ifvg,short,trending_up,train,0.0,0.0,0
XRP,low,amd_ifvg,short,trending_down,train,0.0,0.0,0
XRP,low,amd_ifvg,short,ranging,train,0.0,0.0,0
XRP,low,amd_ifvg,short,trending_up,test,0.0,0.0,0
XRP,low,amd_ifvg,short,trending_down,test,0.0,0.0,0
XRP,low,amd_ifvg,short,ranging,test,0.0,0.0,0
XRP,low,heikin_ashi_ema,long,trending_up,train,1.43,215.02,61
XRP,low,heikin_ashi_ema,long,trending_down,train,0.236,3.9,50
XRP,low,heikin_ashi_ema,long,ranging,train,0.559,29.96,56
XRP,low,heikin_ashi_ema,long,trending_up,test,-0.59,-28.23,46
XRP,low,heikin_ashi_ema,long,trending_down,test,-2.095,-41.3,30
XRP,low,heikin_ashi_ema,long,ranging,test,0.778,28.81,43
XRP,low,heikin_ashi_ema,short,trending_up,train,0.112,-2.04,38
XRP,low,heikin_ashi_ema,short,trending_down,train,-0.185,-30.68,68
XRP,low,heikin_ashi_ema,short,ranging,train,0.664,38.82,50
XRP,low,heikin_ashi_ema,short,trending_up,test,-0.072,-5.79,33
XRP,low,heikin_ashi_ema,short,trending_down,test,-0.498,-27.77,50
XRP,low,heikin_ashi_ema,short,ranging,test,0.068,-5.58,45
XRP,low,order_blocks,long,trending_up,train,1.267,184.21,26
XRP,low,order_blocks,long,trending_down,train,1.75,376.31,26
XRP,low,order_blocks,long,ranging,train,0.111,-12.94,28
XRP,low,order_blocks,long,trending_up,test,-0.077,-11.98,15
XRP,low,order_blocks,long,trending_down,test,-1.193,-43.99,14
XRP,low,order_blocks,long,ranging,test,-0.475,-23.99,17
XRP,low,order_blocks,short,trending_up,train,0.142,-1.49,22
XRP,low,order_blocks,short,trending_down,train,-0.08,-23.63,30
XRP,low,order_blocks,short,ranging,train,0.757,46.72,25
XRP,low,order_blocks,short,trending_up,test,0.23,2.38,12
XRP,low,order_blocks,short,trending_down,test,0.273,2.97,17
XRP,low,order_blocks,short,ranging,test,0.858,37.69,19
XRP,low,vwap_reversion,long,trending_up,train,-0.609,-41.91,96
XRP,low,vwap_reversion,long,trending_down,train,0.082,-8.68,143
XRP,low,vwap_reversion,long,ranging,train,-0.955,-48.67,117
XRP,low,vwap_reversion,long,trending_up,test,-0.131,-8.22,61
XRP,low,vwap_reversion,long,trending_down,test,-0.462,-25.5,97
XRP,low,vwap_reversion,long,ranging,test,-0.521,-22.62,80
XRP,low,vwap_reversion,short,trending_up,train,-1.472,-90.74,113
XRP,low,vwap_reversion,short,trending_down,train,-1.004,-67.51,137
XRP,low,vwap_reversion,short,ranging,train,-1.056,-58.84,125
XRP,low,vwap_reversion,short,trending_up,test,0.554,17.38,82
XRP,low,vwap_reversion,short,trending_down,test,0.03,-6.65,85
XRP,low,vwap_reversion,short,ranging,test,-0.214,-15.19,84
XRP,low,chart_pattern,long,trending_up,train,1.334,216.18,18
XRP,low,chart_pattern,long,trending_down,train,0.517,26.05,20
XRP,low,chart_pattern,long,ranging,train,-0.012,-23.08,21
XRP,low,chart_pattern,long,trending_up,test,-0.926,-45.08,15
XRP,low,chart_pattern,long,trending_down,test,-1.674,-50.49,14
XRP,low,chart_pattern,long,ranging,test,-0.316,-24.47,16
XRP,low,chart_pattern,short,trending_up,train,-1.85,-58.4,18
XRP,low,chart_pattern,short,trending_down,train,-0.342,-33.19,21
XRP,low,chart_pattern,short,ranging,train,0.125,-1.95,18
XRP,low,chart_pattern,short,trending_up,test,0.084,-2.14,12
XRP,low,chart_pattern,short,trending_down,test,-0.499,-28.61,16
XRP,low,chart_pattern,short,ranging,test,-0.097,-10.68,15
XRP,low,liquidity_sweeps,long,trending_up,train,1.203,142.83,10
XRP,low,liquidity_sweeps,long,trending_down,train,1.132,137.15,10
XRP,low,liquidity_sweeps,long,ranging,train,-0.021,-20.15,9
XRP,low,liquidity_sweeps,long,trending_up,test,-0.454,-28.93,11
XRP,low,liquidity_sweeps,long,trending_down,test,-0.083,-16.3,12
XRP,low,liquidity_sweeps,long,ranging,test,-0.383,-29.06,12
XRP,low,liquidity_sweeps,short,trending_up,train,0.797,-73.95,8
XRP,low,liquidity_sweeps,short,trending_down,train,-0.128,-39.38,8
XRP,low,liquidity_sweeps,short,ranging,train,0.732,-84.42,9
XRP,low,liquidity_sweeps,short,trending_up,test,0.338,1.24,11
XRP,low,liquidity_sweeps,short,trending_down,test,2.049,91.25,11
XRP,low,liquidity_sweeps,short,ranging,test,-0.011,-20.63,11
XRP,low,parabolic_sar,long,trending_up,train,1.003,97.86,82
XRP,low,parabolic_sar,long,trending_down,train,0.398,14.87,60
XRP,low,parabolic_sar,long,ranging,train,0.942,57.74,58
XRP,low,parabolic_sar,long,trending_up,test,-0.802,-34.21,60
XRP,low,parabolic_sar,long,trending_down,test,-0.229,-11.74,46
XRP,low,parabolic_sar,long,ranging,test,0.36,7.83,53
XRP,low,parabolic_sar,short,trending_up,train,-0.05,-16.33,54
XRP,low,parabolic_sar,short,trending_down,train,-0.506,-43.66,90
XRP,low,parabolic_sar,short,ranging,train,1.668,159.2,60
XRP,low,parabolic_sar,short,trending_up,test,-0.108,-8.0,43
XRP,low,parabolic_sar,short,trending_down,test,0.432,11.35,65
XRP,low,parabolic_sar,short,ranging,test,0.562,15.26,48
XRP,low,range_scalper,long,trending_up,train,0.0,0.0,0
XRP,low,range_scalper,long,trending_down,train,0.0,0.0,0
XRP,low,range_scalper,long,ranging,train,0.0,0.0,0
XRP,low,range_scalper,long,trending_up,test,0.0,0.0,0
XRP,low,range_scalper,long,trending_down,test,0.0,0.0,0
XRP,low,range_scalper,long,ranging,test,0.0,0.0,0
XRP,low,range_scalper,short,trending_up,train,0.0,0.0,0
XRP,low,range_scalper,short,trending_down,train,0.0,0.0,0
XRP,low,range_scalper,short,ranging,train,0.0,0.0,0
XRP,low,range_scalper,short,trending_up,test,0.0,0.0,0
XRP,low,range_scalper,short,trending_down,test,0.0,0.0,0
XRP,low,range_scalper,short,ranging,test,0.0,0.0,0
XRP,low,sweep_squeeze_combo,long,trending_up,train,1.654,323.25,2
XRP,low,sweep_squeeze_combo,long,trending_down,train,1.594,299.57,2
XRP,low,sweep_squeeze_combo,long,ranging,train,1.699,341.22,1
XRP,low,sweep_squeeze_combo,long,trending_up,test,-0.923,-51.31,2
XRP,low,sweep_squeeze_combo,long,trending_down,test,-0.666,-43.82,2
XRP,low,sweep_squeeze_combo,long,ranging,test,-0.812,-51.59,2
XRP,low,sweep_squeeze_combo,short,trending_up,train,0.275,-2.28,2
XRP,low,sweep_squeeze_combo,short,trending_down,train,0.234,-13.84,2
XRP,low,sweep_squeeze_combo,short,ranging,train,0.272,-4.84,2
XRP,low,sweep_squeeze_combo,short,trending_up,test,-0.285,-35.2,2
XRP,low,sweep_squeeze_combo,short,trending_down,test,-0.246,-34.07,2
XRP,low,sweep_squeeze_combo,short,ranging,test,-0.247,-34.89,2
XRP,low,adx_trend,long,trending_up,train,-0.362,-38.65,21
XRP,low,adx_trend,long,trending_down,train,-0.23,-29.63,11
XRP,low,adx_trend,long,ranging,train,-0.264,-32.07,12
XRP,low,adx_trend,long,trending_up,test,0.19,-2.25,14
XRP,low,adx_trend,long,trending_down,test,0.685,26.42,6
XRP,low,adx_trend,long,ranging,test,0.583,20.62,7
XRP,low,adx_trend,short,trending_up,train,-1.097,-470.29,11
XRP,low,adx_trend,short,trending_down,train,-0.851,-394.92,21
XRP,low,adx_trend,short,ranging,train,0.104,-74.64,10
XRP,low,adx_trend,short,trending_up,test,1.085,46.06,9
XRP,low,adx_trend,short,trending_down,test,1.007,49.94,14
XRP,low,adx_trend,short,ranging,test,0.839,34.66,8
XRP,low,donchian_breakout,long,trending_up,train,1.123,141.05,34
XRP,low,donchian_breakout,long,trending_down,train,0.529,26.83,28
XRP,low,donchian_breakout,long,ranging,train,0.049,-15.75,32
XRP,low,donchian_breakout,long,trending_up,test,-1.123,-46.43,27
XRP,low,donchian_breakout,long,trending_down,test,-1.837,-38.28,20
XRP,low,donchian_breakout,long,ranging,test,-1.014,-38.47,28
XRP,low,donchian_breakout,short,trending_up,train,-0.054,-7.32,21
XRP,low,donchian_breakout,short,trending_down,train,-0.178,-31.52,39
XRP,low,donchian_breakout,short,ranging,train,-0.05,-13.38,32
XRP,low,donchian_breakout,short,trending_up,test,-0.641,-20.55,17
XRP,low,donchian_breakout,short,trending_down,test,-0.696,-35.71,27
XRP,low,donchian_breakout,short,ranging,test,0.084,-4.85,24
XRP,low,tema_cross,long,trending_up,train,0.72,43.35,32
XRP,low,tema_cross,long,trending_down,train,-0.63,-9.47,7
XRP,low,tema_cross,long,ranging,train,0.426,16.53,39
XRP,low,tema_cross,long,trending_up,test,0.218,2.76,20
XRP,low,tema_cross,long,trending_down,test,0.102,0.2,1
XRP,low,tema_cross,long,ranging,test,0.804,17.66,14
XRP,low,tema_cross,short,trending_up,train,0.421,-107.46,32
XRP,low,tema_cross,short,trending_down,train,-0.334,-105.79,36
XRP,low,tema_cross,short,ranging,train,0.523,-106.02,40
XRP,low,tema_cross,short,trending_up,test,0.606,22.15,23
XRP,low,tema_cross,short,trending_down,test,0.563,19.94,16
XRP,low,tema_cross,short,ranging,test,0.418,9.88,22
DOGE,mid,sma_crossover,long,trending_up,train,1.161,220.21,39
DOGE,mid,sma_crossover,long,trending_down,train,0.098,-12.8,42
DOGE,mid,sma_crossover,long,ranging,train,0.859,102.26,48
DOGE,mid,sma_crossover,long,trending_up,test,-0.054,-15.86,23
DOGE,mid,sma_crossover,long,trending_down,test,0.022,-6.64,24
DOGE,mid,sma_crossover,long,ranging,test,-0.102,-17.15,31
DOGE,mid,sma_crossover,short,trending_up,train,-0.227,-30.14,41
DOGE,mid,sma_crossover,short,trending_down,train,-0.642,-64.26,41
DOGE,mid,sma_crossover,short,ranging,train,-0.338,-41.49,42
DOGE,mid,sma_crossover,short,trending_up,test,1.161,70.95,27
DOGE,mid,sma_crossover,short,trending_down,test,1.024,73.91,24
DOGE,mid,sma_crossover,short,ranging,test,0.83,49.76,35
DOGE,mid,ema_crossover,long,trending_up,train,1.354,331.67,54
DOGE,mid,ema_crossover,long,trending_down,train,0.482,27.59,44
DOGE,mid,ema_crossover,long,ranging,train,1.766,675.26,57
DOGE,mid,ema_crossover,long,trending_up,test,-0.405,-33.43,37
DOGE,mid,ema_crossover,long,trending_down,test,-0.374,-18.11,27
DOGE,mid,ema_crossover,long,ranging,test,-0.647,-39.02,39
DOGE,mid,ema_crossover,short,trending_up,train,0.226,5.27,34
DOGE,mid,ema_crossover,short,trending_down,train,-0.324,-40.83,51
DOGE,mid,ema_crossover,short,ranging,train,-0.05,-21.53,57
DOGE,mid,ema_crossover,short,trending_up,test,0.611,24.55,32
DOGE,mid,ema_crossover,short,trending_down,test,0.833,51.69,33
DOGE,mid,ema_crossover,short,ranging,test,0.48,16.99,45
DOGE,mid,rsi,long,trending_up,train,0.498,28.25,17
DOGE,mid,rsi,long,trending_down,train,0.609,45.1,17
DOGE,mid,rsi,long,ranging,train,0.781,63.72,15
DOGE,mid,rsi,long,trending_up,test,-0.024,-19.08,11
DOGE,mid,rsi,long,trending_down,test,-0.254,-38.39,11
DOGE,mid,rsi,long,ranging,test,-0.596,-47.96,9
DOGE,mid,rsi,short,trending_up,train,-1.201,-152.46,18
DOGE,mid,rsi,short,trending_down,train,-0.805,-121.55,17
DOGE,mid,rsi,short,ranging,train,0.551,-134.9,16
DOGE,mid,rsi,short,trending_up,test,0.912,69.63,10
DOGE,mid,rsi,short,trending_down,test,0.885,62.13,11
DOGE,mid,rsi,short,ranging,test,0.766,45.49,9
DOGE,mid,bollinger_bands,long,trending_up,train,-0.198,-30.31,38
DOGE,mid,bollinger_bands,long,trending_down,train,0.414,17.02,42
DOGE,mid,bollinger_bands,long,ranging,train,0.381,14.94,37
DOGE,mid,bollinger_bands,long,trending_up,test,0.062,-4.82,23
DOGE,mid,bollinger_bands,long,trending_down,test,-0.489,-45.94,23
DOGE,mid,bollinger_bands,long,ranging,test,-0.526,-42.03,19
DOGE,mid,bollinger_bands,short,trending_up,train,-0.194,-111.03,44
DOGE,mid,bollinger_bands,short,trending_down,train,-0.774,-73.07,39
DOGE,mid,bollinger_bands,short,ranging,train,-0.162,-82.1,39
DOGE,mid,bollinger_bands,short,trending_up,test,0.863,62.56,24
DOGE,mid,bollinger_bands,short,trending_down,test,1.479,131.01,23
DOGE,mid,bollinger_bands,short,ranging,test,0.664,34.57,24
DOGE,mid,macd,long,trending_up,train,1.135,185.71,103
DOGE,mid,macd,long,trending_down,train,0.046,-13.34,75
DOGE,mid,macd,long,ranging,train,1.099,135.21,105
DOGE,mid,macd,long,trending_up,test,0.199,-2.3,66
DOGE,mid,macd,long,trending_down,test,-0.926,-54.16,57
DOGE,mid,macd,long,ranging,test,-0.13,-15.08,65
DOGE,mid,macd,short,trending_up,train,-0.469,-44.87,64
DOGE,mid,macd,short,trending_down,train,-0.787,-67.44,107
DOGE,mid,macd,short,ranging,train,-0.095,-22.01,115
DOGE,mid,macd,short,trending_up,test,0.912,42.39,40
DOGE,mid,macd,short,trending_down,test,0.154,-6.17,76
DOGE,mid,macd,short,ranging,test,0.425,13.23,66
DOGE,mid,mean_reversion,long,trending_up,train,0.629,46.6,44
DOGE,mid,mean_reversion,long,trending_down,train,0.89,105.29,49
DOGE,mid,mean_reversion,long,ranging,train,0.905,95.91,37
DOGE,mid,mean_reversion,long,trending_up,test,-0.339,-22.85,35
DOGE,mid,mean_reversion,long,trending_down,test,-0.291,-37.66,36
DOGE,mid,mean_reversion,long,ranging,test,-0.756,-44.67,25
DOGE,mid,mean_reversion,short,trending_up,train,0.537,-100.97,38
DOGE,mid,mean_reversion,short,trending_down,train,-0.429,-104.02,51
DOGE,mid,mean_reversion,short,ranging,train,-0.41,-101.11,48
DOGE,mid,mean_reversion,short,trending_up,test,0.274,-9.04,27
DOGE,mid,mean_reversion,short,trending_down,test,0.795,47.64,35
DOGE,mid,mean_reversion,short,ranging,test,0.794,50.32,36
DOGE,mid,momentum,long,trending_up,train,1.344,308.59,50
DOGE,mid,momentum,long,trending_down,train,1.411,182.2,36
DOGE,mid,momentum,long,ranging,train,1.148,177.24,40
DOGE,mid,momentum,long,trending_up,test,-0.789,-50.36,38
DOGE,mid,momentum,long,trending_down,test,-0.795,-41.75,36
DOGE,mid,momentum,long,ranging,test,-0.825,-42.97,31
DOGE,mid,momentum,short,trending_up,train,-0.341,-29.59,31
DOGE,mid,momentum,short,trending_down,train,-0.176,-35.17,44
DOGE,mid,momentum,short,ranging,train,0.11,-9.83,41
DOGE,mid,momentum,short,trending_up,test,-1.103,-40.4,29
DOGE,mid,momentum,short,trending_down,test,-0.094,-24.38,41
DOGE,mid,momentum,short,ranging,test,0.057,-13.01,34
DOGE,mid,volume_weighted,long,trending_up,train,0.6,44.84,28
DOGE,mid,volume_weighted,long,trending_down,train,0.054,-18.43,26
DOGE,mid,volume_weighted,long,ranging,train,0.709,65.83,29
DOGE,mid,volume_weighted,long,trending_up,test,0.148,-8.56,18
DOGE,mid,volume_weighted,long,trending_down,test,-0.29,-30.93,16
DOGE,mid,volume_weighted,long,ranging,test,-0.236,-30.12,21
DOGE,mid,volume_weighted,short,trending_up,train,0.313,-280.39,23
DOGE,mid,volume_weighted,short,trending_down,train,0.746,-258.07,33
DOGE,mid,volume_weighted,short,ranging,train,-0.689,-258.9,30
DOGE,mid,volume_weighted,short,trending_up,test,0.94,53.11,15
DOGE,mid,volume_weighted,short,trending_down,test,1.537,132.96,18
DOGE,mid,volume_weighted,short,ranging,test,0.548,22.96,23
DOGE,mid,triple_ema,long,trending_up,train,1.508,396.6,55
DOGE,mid,triple_ema,long,trending_down,train,0.016,-9.2,38
DOGE,mid,triple_ema,long,ranging,train,1.616,449.43,52
DOGE,mid,triple_ema,long,trending_up,test,-0.298,-24.85,31
DOGE,mid,triple_ema,long,trending_down,test,-1.268,-23.95,15
DOGE,mid,triple_ema,long,ranging,test,0.064,-4.39,20
DOGE,mid,triple_ema,short,trending_up,train,-0.081,-18.03,45
DOGE,mid,triple_ema,short,trending_down,train,-0.548,-55.64,53
DOGE,mid,triple_ema,short,ranging,train,0.13,-8.74,54
DOGE,mid,triple_ema,short,trending_up,test,0.282,3.45,27
DOGE,mid,triple_ema,short,trending_down,test,0.983,71.5,29
DOGE,mid,triple_ema,short,ranging,test,1.051,78.21,31
DOGE,mid,rsi_macd_combo,long,trending_up,train,0.393,15.38,25
DOGE,mid,rsi_macd_combo,long,trending_down,train,0.526,32.61,24
DOGE,mid,rsi_macd_combo,long,ranging,train,0.567,38.49,22
DOGE,mid,rsi_macd_combo,long,trending_up,test,-0.595,-51.0,16
DOGE,mid,rsi_macd_combo,long,trending_down,test,-0.96,-69.24,13
DOGE,mid,rsi_macd_combo,long,ranging,test,-0.811,-63.04,18
DOGE,mid,rsi_macd_combo,short,trending_up,train,-0.029,-212.34,19
DOGE,mid,rsi_macd_combo,short,trending_down,train,-0.478,-193.54,23
DOGE,mid,rsi_macd_combo,short,ranging,train,-0.699,-342.97,21
DOGE,mid,rsi_macd_combo,short,trending_up,test,0.331,-3.53,15
DOGE,mid,rsi_macd_combo,short,trending_down,test,0.153,-21.72,16
DOGE,mid,rsi_macd_combo,short,ranging,test,0.568,23.4,15
DOGE,mid,stoch_rsi,long,trending_up,train,0.542,35.22,51
DOGE,mid,stoch_rsi,long,trending_down,train,0.138,-14.52,65
DOGE,mid,stoch_rsi,long,ranging,train,0.196,-2.62,60
DOGE,mid,stoch_rsi,long,trending_up,test,0.15,-3.22,33
DOGE,mid,stoch_rsi,long,trending_down,test,-0.296,-34.5,53
DOGE,mid,stoch_rsi,long,ranging,test,-1.077,-54.23,38
DOGE,mid,stoch_rsi,short,trending_up,train,-0.867,-83.78,71
DOGE,mid,stoch_rsi,short,trending_down,train,-0.151,-30.21,55
DOGE,mid,stoch_rsi,short,ranging,train,-0.874,-80.05,53
DOGE,mid,stoch_rsi,short,trending_up,test,-0.104,-24.18,43
DOGE,mid,stoch_rsi,short,trending_down,test,0.308,2.06,43
DOGE,mid,stoch_rsi,short,ranging,test,0.378,10.23,38
DOGE,mid,supertrend,long,trending_up,train,0.0,0.0,0
DOGE,mid,supertrend,long,trending_down,train,0.0,0.0,0
DOGE,mid,supertrend,long,ranging,train,0.0,0.0,0
DOGE,mid,supertrend,long,trending_up,test,0.0,0.0,0
DOGE,mid,supertrend,long,trending_down,test,0.0,0.0,0
DOGE,mid,supertrend,long,ranging,test,0.0,0.0,0
DOGE,mid,supertrend,short,trending_up,train,0.0,0.0,0
DOGE,mid,supertrend,short,trending_down,train,0.0,0.0,0
DOGE,mid,supertrend,short,ranging,train,0.0,0.0,0
DOGE,mid,supertrend,short,trending_up,test,0.0,0.0,0
DOGE,mid,supertrend,short,trending_down,test,0.0,0.0,0
DOGE,mid,supertrend,short,ranging,test,0.0,0.0,0
DOGE,mid,ichimoku_cloud,long,trending_up,train,1.518,456.18,20
DOGE,mid,ichimoku_cloud,long,trending_down,train,1.365,301.12,17
DOGE,mid,ichimoku_cloud,long,ranging,train,1.19,218.28,20
DOGE,mid,ichimoku_cloud,long,trending_up,test,0.678,33.42,13
DOGE,mid,ichimoku_cloud,long,trending_down,test,-0.394,-25.81,13
DOGE,mid,ichimoku_cloud,long,ranging,test,-0.032,-13.56,14
DOGE,mid,ichimoku_cloud,short,trending_up,train,0.18,-7.98,16
DOGE,mid,ichimoku_cloud,short,trending_down,train,-0.129,-40.12,19
DOGE,mid,ichimoku_cloud,short,ranging,train,-0.051,-23.45,19
DOGE,mid,ichimoku_cloud,short,trending_up,test,1.369,97.01,13
DOGE,mid,ichimoku_cloud,short,trending_down,test,1.769,191.24,16
DOGE,mid,ichimoku_cloud,short,ranging,test,1.809,181.91,17
DOGE,mid,pairs_spread,long,trending_up,train,0.695,54.9,38
DOGE,mid,pairs_spread,long,trending_down,train,0.804,85.64,43
DOGE,mid,pairs_spread,long,ranging,train,0.999,110.09,30
DOGE,mid,pairs_spread,long,trending_up,test,-0.153,-12.68,27
DOGE,mid,pairs_spread,long,trending_down,test,0.015,-18.32,30
DOGE,mid,pairs_spread,long,ranging,test,-1.297,-53.32,16
DOGE,mid,pairs_spread,short,trending_up,train,0.043,-103.53,34
DOGE,mid,pairs_spread,short,trending_down,train,-0.727,-106.33,43
DOGE,mid,pairs_spread,short,ranging,train,-0.47,-104.33,45
DOGE,mid,pairs_spread,short,trending_up,test,0.71,40.5,22
DOGE,mid,pairs_spread,short,trending_down,test,1.319,132.64,29
DOGE,mid,pairs_spread,short,ranging,test,0.694,38.96,27
DOGE,mid,squeeze_momentum,long,trending_up,train,0.314,-2.7,22
DOGE,mid,squeeze_momentum,long,trending_down,train,0.267,-5.42,17
DOGE,mid,squeeze_momentum,long,ranging,train,0.564,37.71,23
DOGE,mid,squeeze_momentum,long,trending_up,test,-0.87,-60.68,10
DOGE,mid,squeeze_momentum,long,trending_down,test,-0.87,-59.74,10
DOGE,mid,squeeze_momentum,long,ranging,test,-0.746,-54.13,10
DOGE,mid,squeeze_momentum,short,trending_up,train,0.375,-130.56,22
DOGE,mid,squeeze_momentum,short,trending_down,train,0.65,-132.0,24
DOGE,mid,squeeze_momentum,short,ranging,train,-0.843,-132.82,24
DOGE,mid,squeeze_momentum,short,trending_up,test,0.301,4.86,8
DOGE,mid,squeeze_momentum,short,trending_down,test,0.435,13.31,12
DOGE,mid,squeeze_momentum,short,ranging,test,0.527,20.63,10
DOGE,mid,atr_breakout,long,trending_up,train,0.641,51.98,37
DOGE,mid,atr_breakout,long,trending_down,train,-0.064,-31.37,27
DOGE,mid,atr_breakout,long,ranging,train,0.557,36.44,29
DOGE,mid,atr_breakout,long,trending_up,test,-0.436,-38.11,27
DOGE,mid,atr_breakout,long,trending_down,test,-0.765,-44.72,24
DOGE,mid,atr_breakout,long,ranging,test,-1.077,-55.1,25
DOGE,mid,atr_breakout,short,trending_up,train,-0.535,-52.22,25
DOGE,mid,atr_breakout,short,trending_down,train,-0.893,-77.95,32
DOGE,mid,atr_breakout,short,ranging,train,-0.8,-66.42,30
DOGE,mid,atr_breakout,short,trending_up,test,1.385,100.67,20
DOGE,mid,atr_breakout,short,trending_down,test,0.949,61.87,24
DOGE,mid,atr_breakout,short,ranging,test,0.679,33.83,31
DOGE,mid,amd_ifvg,long,trending_up,train,0.0,0.0,0
DOGE,mid,amd_ifvg,long,trending_down,train,0.0,0.0,0
DOGE,mid,amd_ifvg,long,ranging,train,0.0,0.0,0
DOGE,mid,amd_ifvg,long,trending_up,test,0.0,0.0,0
DOGE,mid,amd_ifvg,long,trending_down,test,0.0,0.0,0
DOGE,mid,amd_ifvg,long,ranging,test,0.0,0.0,0
DOGE,mid,amd_ifvg,short,trending_up,train,0.0,0.0,0
DOGE,mid,amd_ifvg,short,trending_down,train,0.0,0.0,0
DOGE,mid,amd_ifvg,short,ranging,train,0.0,0.0,0
DOGE,mid,amd_ifvg,short,trending_up,test,0.0,0.0,0
DOGE,mid,amd_ifvg,short,trending_down,test,0.0,0.0,0
DOGE,mid,amd_ifvg,short,ranging,test,0.0,0.0,0
DOGE,mid,heikin_ashi_ema,long,trending_up,train,1.27,250.53,74
DOGE,mid,heikin_ashi_ema,long,trending_down,train,0.418,19.65,60
DOGE,mid,heikin_ashi_ema,long,ranging,train,1.694,495.6,77
DOGE,mid,heikin_ashi_ema,long,trending_up,test,-0.668,-45.73,56
DOGE,mid,heikin_ashi_ema,long,trending_down,test,-0.902,-39.88,42
DOGE,mid,heikin_ashi_ema,long,ranging,test,-0.414,-29.03,51
DOGE,mid,heikin_ashi_ema,short,trending_up,train,-0.376,-33.18,43
DOGE,mid,heikin_ashi_ema,short,trending_down,train,-0.781,-66.48,80
DOGE,mid,heikin_ashi_ema,short,ranging,train,-0.046,-20.67,74
DOGE,mid,heikin_ashi_ema,short,trending_up,test,0.632,20.96,37
DOGE,mid,heikin_ashi_ema,short,trending_down,test,0.52,20.4,55
DOGE,mid,heikin_ashi_ema,short,ranging,test,0.842,47.32,55
DOGE,mid,order_blocks,long,trending_up,train,0.834,98.14,35
DOGE,mid,order_blocks,long,trending_down,train,0.88,108.63,26
DOGE,mid,order_blocks,long,ranging,train,0.866,105.01,27
DOGE,mid,order_blocks,long,trending_up,test,-0.425,-39.62,21
DOGE,mid,order_blocks,long,trending_down,test,-1.04,-59.09,24
DOGE,mid,order_blocks,long,ranging,test,-0.665,-44.27,18
DOGE,mid,order_blocks,short,trending_up,train,-0.477,-76.53,26
DOGE,mid,order_blocks,short,trending_down,train,-0.012,-28.67,28
DOGE,mid,order_blocks,short,ranging,train,0.197,-93.69,29
DOGE,mid,order_blocks,short,trending_up,test,1.364,97.24,22
DOGE,mid,order_blocks,short,trending_down,test,0.563,24.2,23
DOGE,mid,order_blocks,short,ranging,test,1.39,101.05,24
DOGE,mid,vwap_reversion,long,trending_up,train,0.93,97.34,132
DOGE,mid,vwap_reversion,long,trending_down,train,0.654,52.25,179
DOGE,mid,vwap_reversion,long,ranging,train,-0.532,-39.32,143
DOGE,mid,vwap_reversion,long,trending_up,test,-0.741,-38.44,73
DOGE,mid,vwap_reversion,long,trending_down,test,-0.202,-25.55,125
DOGE,mid,vwap_reversion,long,ranging,test,-0.444,-33.2,93
DOGE,mid,vwap_reversion,short,trending_up,train,-0.564,-89.88,161
DOGE,mid,vwap_reversion,short,trending_down,train,-0.525,-51.96,162
DOGE,mid,vwap_reversion,short,ranging,train,-1.008,-68.25,138
DOGE,mid,vwap_reversion,short,trending_up,test,-0.523,-39.56,91
DOGE,mid,vwap_reversion,short,trending_down,test,0.31,3.68,117
DOGE,mid,vwap_reversion,short,ranging,test,1.084,49.17,85
DOGE,mid,chart_pattern,long,trending_up,train,1.334,335.9,26
DOGE,mid,chart_pattern,long,trending_down,train,1.083,178.68,25
DOGE,mid,chart_pattern,long,ranging,train,1.164,221.53,26
DOGE,mid,chart_pattern,long,trending_up,test,-0.245,-39.83,13
DOGE,mid,chart_pattern,long,trending_down,test,-0.83,-62.78,13
DOGE,mid,chart_pattern,long,ranging,test,-0.812,-62.16,13
DOGE,mid,chart_pattern,short,trending_up,train,-0.554,-42.87,17
DOGE,mid,chart_pattern,short,trending_down,train,-0.205,-38.14,25
DOGE,mid,chart_pattern,short,ranging,train,-0.543,-51.66,23
DOGE,mid,chart_pattern,short,trending_up,test,0.699,22.68,9
DOGE,mid,chart_pattern,short,trending_down,test,0.324,7.02,12
DOGE,mid,chart_pattern,short,ranging,test,1.383,83.98,11
DOGE,mid,liquidity_sweeps,long,trending_up,train,0.486,26.37,13
DOGE,mid,liquidity_sweeps,long,trending_down,train,0.356,9.77,13
DOGE,mid,liquidity_sweeps,long,ranging,train,0.712,62.3,13
DOGE,mid,liquidity_sweeps,long,trending_up,test,-0.763,-56.44,7
DOGE,mid,liquidity_sweeps,long,trending_down,test,-1.026,-69.0,6
DOGE,mid,liquidity_sweeps,long,ranging,test,-0.797,-58.9,8
DOGE,mid,liquidity_sweeps,short,trending_up,train,0.392,-224.18,13
DOGE,mid,liquidity_sweeps,short,trending_down,train,-0.836,-224.99,12
DOGE,mid,liquidity_sweeps,short,ranging,train,-0.624,-199.38,13
DOGE,mid,liquidity_sweeps,short,trending_up,test,0.214,-12.74,7
DOGE,mid,liquidity_sweeps,short,trending_down,test,0.787,44.24,8
DOGE,mid,liquidity_sweeps,short,ranging,test,0.53,21.04,8
DOGE,mid,parabolic_sar,long,trending_up,train,0.268,-4.63,117
DOGE,mid,parabolic_sar,long,trending_down,train,0.694,52.78,72
DOGE,mid,parabolic_sar,long,ranging,train,0.758,64.99,92
DOGE,mid,parabolic_sar,long,trending_up,test,0.171,-4.3,69
DOGE,mid,parabolic_sar,long,trending_down,test,-0.138,-20.18,57
DOGE,mid,parabolic_sar,long,ranging,test,-0.484,-28.2,58
DOGE,mid,parabolic_sar,short,trending_up,train,-2.085,-85.9,69
DOGE,mid,parabolic_sar,short,trending_down,train,-0.738,-67.76,108
DOGE,mid,parabolic_sar,short,ranging,train,-0.065,-20.79,98
DOGE,mid,parabolic_sar,short,trending_up,test,1.322,61.19,39
DOGE,mid,parabolic_sar,short,trending_down,test,0.458,15.45,78
DOGE,mid,parabolic_sar,short,ranging,test,0.744,35.93,61
DOGE,mid,range_scalper,long,trending_up,train,0.0,0.0,0
DOGE,mid,range_scalper,long,trending_down,train,0.0,0.0,0
DOGE,mid,range_scalper,long,ranging,train,0.0,0.0,0
DOGE,mid,range_scalper,long,trending_up,test,0.0,0.0,0
DOGE,mid,range_scalper,long,trending_down,test,0.0,0.0,0
DOGE,mid,range_scalper,long,ranging,test,0.0,0.0,0
DOGE,mid,range_scalper,short,trending_up,train,0.0,0.0,0
DOGE,mid,range_scalper,short,trending_down,train,0.0,0.0,0
DOGE,mid,range_scalper,short,ranging,train,0.0,0.0,0
DOGE,mid,range_scalper,short,trending_up,test,0.0,0.0,0
DOGE,mid,range_scalper,short,trending_down,test,0.0,0.0,0
DOGE,mid,range_scalper,short,ranging,test,0.0,0.0,0
DOGE,mid,sweep_squeeze_combo,long,trending_up,train,0.923,125.43,3
DOGE,mid,sweep_squeeze_combo,long,trending_down,train,0.954,136.48,3
DOGE,mid,sweep_squeeze_combo,long,ranging,train,0.87,110.31,3
DOGE,mid,sweep_squeeze_combo,long,trending_up,test,-0.772,-69.35,2
DOGE,mid,sweep_squeeze_combo,long,trending_down,test,-0.957,-76.81,2
DOGE,mid,sweep_squeeze_combo,long,ranging,test,-1.036,-79.72,2
DOGE,mid,sweep_squeeze_combo,short,trending_up,train,-0.69,-203.99,2
DOGE,mid,sweep_squeeze_combo,short,trending_down,train,0.514,-188.79,2
DOGE,mid,sweep_squeeze_combo,short,ranging,train,0.629,-206.09,2
DOGE,mid,sweep_squeeze_combo,short,trending_up,test,-0.14,-12.13,2
DOGE,mid,sweep_squeeze_combo,short,trending_down,test,0.286,5.65,2
DOGE,mid,sweep_squeeze_combo,short,ranging,test,-0.209,-15.52,2
DOGE,mid,adx_trend,long,trending_up,train,0.751,76.3,28
DOGE,mid,adx_trend,long,trending_down,train,1.172,193.91,15
DOGE,mid,adx_trend,long,ranging,train,0.964,126.68,15
DOGE,mid,adx_trend,long,trending_up,test,-1.746,-71.43,20
DOGE,mid,adx_trend,long,trending_down,test,-1.53,-68.67,8
DOGE,mid,adx_trend,long,ranging,test,-1.49,-66.04,8
DOGE,mid,adx_trend,short,trending_up,train,-0.827,-90.66,18
DOGE,mid,adx_trend,short,trending_down,train,-1.128,-99.62,29
DOGE,mid,adx_trend,short,ranging,train,-0.516,-98.68,19
DOGE,mid,adx_trend,short,trending_up,test,0.199,-17.89,12
DOGE,mid,adx_trend,short,trending_down,test,-0.017,-41.73,19
DOGE,mid,adx_trend,short,ranging,test,0.07,-31.6,14
DOGE,mid,donchian_breakout,long,trending_up,train,1.233,268.62,41
DOGE,mid,donchian_breakout,long,trending_down,train,0.914,111.2,34
DOGE,mid,donchian_breakout,long,ranging,train,1.542,457.97,37
DOGE,mid,donchian_breakout,long,trending_up,test,-1.094,-60.24,31
DOGE,mid,donchian_breakout,long,trending_down,test,-2.019,-61.55,26
DOGE,mid,donchian_breakout,long,ranging,test,-0.9,-48.43,29
DOGE,mid,donchian_breakout,short,trending_up,train,-0.222,-18.32,25
DOGE,mid,donchian_breakout,short,trending_down,train,-0.369,-43.74,40
DOGE,mid,donchian_breakout,short,ranging,train,-0.193,-29.67,35
DOGE,mid,donchian_breakout,short,trending_up,test,-0.046,-11.34,21
DOGE,mid,donchian_breakout,short,trending_down,test,0.449,14.24,29
DOGE,mid,donchian_breakout,short,ranging,test,0.135,-7.38,30
DOGE,mid,tema_cross,long,trending_up,train,-0.032,-20.76,45
DOGE,mid,tema_cross,long,trending_down,train,-1.071,-12.28,5
DOGE,mid,tema_cross,long,ranging,train,0.432,20.56,41
DOGE,mid,tema_cross,long,trending_up,test,0.485,13.75,17
DOGE,mid,tema_cross,long,trending_down,test,0.081,0.43,2
DOGE,mid,tema_cross,long,ranging,test,0.896,22.54,5
DOGE,mid,tema_cross,short,trending_up,train,-0.877,-111.79,53
DOGE,mid,tema_cross,short,trending_down,train,0.522,-111.92,40
DOGE,mid,tema_cross,short,ranging,train,0.671,-130.68,47
DOGE,mid,tema_cross,short,trending_up,test,0.754,43.43,18
DOGE,mid,tema_cross,short,trending_down,test,0.683,37.09,14
DOGE,mid,tema_cross,short,ranging,test,0.79,49.22,14
ADA,high,sma_crossover,long,trending_up,train,1.137,174.14,36
ADA,high,sma_crossover,long,trending_down,train,0.352,13.14,36
ADA,high,sma_crossover,long,ranging,train,-0.71,-53.63,44
ADA,high,sma_crossover,long,trending_up,test,-1.458,-66.33,25
ADA,high,sma_crossover,long,trending_down,test,-0.157,-10.99,24
ADA,high,sma_crossover,long,ranging,test,-0.61,-37.9,34
ADA,high,sma_crossover,short,trending_up,train,-1.06,-51.18,39
ADA,high,sma_crossover,short,trending_down,train,-0.346,-42.59,38
ADA,high,sma_crossover,short,ranging,train,-0.523,-40.73,39
ADA,high,sma_crossover,short,trending_up,test,-0.827,-72.35,28
ADA,high,sma_crossover,short,trending_down,test,-0.423,-59.76,26
ADA,high,sma_crossover,short,ranging,test,-0.17,-34.08,33
ADA,high,ema_crossover,long,trending_up,train,1.285,211.13,53
ADA,high,ema_crossover,long,trending_down,train,0.155,0.18,39
ADA,high,ema_crossover,long,ranging,train,0.242,1.24,69
ADA,high,ema_crossover,long,trending_up,test,-1.335,-69.21,40
ADA,high,ema_crossover,long,trending_down,test,0.078,-1.79,25
ADA,high,ema_crossover,long,ranging,test,-0.709,-41.59,43
ADA,high,ema_crossover,short,trending_up,train,-1.873,-56.44,40
ADA,high,ema_crossover,short,trending_down,train,-0.179,-32.21,52
ADA,high,ema_crossover,short,ranging,train,-0.196,-29.4,66
ADA,high,ema_crossover,short,trending_up,test,-0.241,-47.32,26
ADA,high,ema_crossover,short,trending_down,test,-0.103,-42.38,39
ADA,high,ema_crossover,short,ranging,test,0.617,29.3,48
ADA,high,rsi,long,trending_up,train,0.381,15.4,16
ADA,high,rsi,long,trending_down,train,0.229,-4.15,16
ADA,high,rsi,long,ranging,train,0.156,-5.71,14
ADA,high,rsi,long,trending_up,test,0.599,29.09,10
ADA,high,rsi,long,trending_down,test,0.137,-17.32,10
ADA,high,rsi,long,ranging,test,-0.356,-38.25,9
ADA,high,rsi,short,trending_up,train,-0.146,-82.98,17
ADA,high,rsi,short,trending_down,train,-1.074,-96.6,16
ADA,high,rsi,short,ranging,train,-0.04,-70.34,13
ADA,high,rsi,short,trending_up,test,1.433,152.12,10
ADA,high,rsi,short,trending_down,test,1.534,116.11,10
ADA,high,rsi,short,ranging,test,1.543,141.37,10
ADA,high,bollinger_bands,long,trending_up,train,0.335,11.58,36
ADA,high,bollinger_bands,long,trending_down,train,0.185,-8.42,42
ADA,high,bollinger_bands,long,ranging,train,0.013,-19.84,41
ADA,high,bollinger_bands,long,trending_up,test,1.037,68.77,23
ADA,high,bollinger_bands,long,trending_down,test,0.306,-2.18,25
ADA,high,bollinger_bands,long,ranging,test,0.068,-17.1,22
ADA,high,bollinger_bands,short,trending_up,train,-0.37,-86.0,43
ADA,high,bollinger_bands,short,trending_down,train,-0.133,-63.09,38
ADA,high,bollinger_bands,short,ranging,train,-0.033,-70.25,44
ADA,high,bollinger_bands,short,trending_up,test,1.694,222.34,26
ADA,high,bollinger_bands,short,trending_down,test,0.838,53.03,24
ADA,high,bollinger_bands,short,ranging,test,0.724,40.92,24
ADA,high,macd,long,trending_up,train,1.603,269.0,91
ADA,high,macd,long,trending_down,train,0.212,1.91,64
ADA,high,macd,long,ranging,train,0.838,63.69,94
ADA,high,macd,long,trending_up,test,-0.248,-31.43,60
ADA,high,macd,long,trending_down,test,-0.764,-54.04,53
ADA,high,macd,long,ranging,test,-0.301,-23.26,63
ADA,high,macd,short,trending_up,train,-0.724,-54.55,60
ADA,high,macd,short,trending_down,train,-0.402,-42.94,99
ADA,high,macd,short,ranging,train,0.566,35.37,95
ADA,high,macd,short,trending_up,test,-0.193,-18.04,37
ADA,high,macd,short,trending_down,test,0.033,-11.7,70
ADA,high,macd,short,ranging,test,0.95,56.1,69
ADA,high,mean_reversion,long,trending_up,train,1.649,207.74,49
ADA,high,mean_reversion,long,trending_down,train,0.864,95.01,51
ADA,high,mean_reversion,long,ranging,train,0.694,52.88,44
ADA,high,mean_reversion,long,trending_up,test,-0.814,-35.67,27
ADA,high,mean_reversion,long,trending_down,test,-0.601,-47.88,33
ADA,high,mean_reversion,long,ranging,test,-0.918,-51.71,34
ADA,high,mean_reversion,short,trending_up,train,-0.433,-86.84,39
ADA,high,mean_reversion,short,trending_down,train,0.014,-21.61,50
ADA,high,mean_reversion,short,ranging,train,0.707,56.53,54
ADA,high,mean_reversion,short,trending_up,test,0.455,-6.62,28
ADA,high,mean_reversion,short,trending_down,test,0.024,-21.19,34
ADA,high,mean_reversion,short,ranging,test,0.609,28.91,36
ADA,high,momentum,long,trending_up,train,0.829,86.11,45
ADA,high,momentum,long,trending_down,train,-0.181,-22.17,34
ADA,high,momentum,long,ranging,train,0.763,64.89,37
ADA,high,momentum,long,trending_up,test,-0.627,-58.24,36
ADA,high,momentum,long,trending_down,test,-1.283,-45.04,27
ADA,high,momentum,long,ranging,test,-1.506,-57.85,32
ADA,high,momentum,short,trending_up,train,-0.903,-47.76,26
ADA,high,momentum,short,trending_down,train,-0.065,-27.71,42
ADA,high,momentum,short,ranging,train,-0.352,-37.33,33
ADA,high,momentum,short,trending_up,test,-0.192,-29.97,26
ADA,high,momentum,short,trending_down,test,0.367,2.99,39
ADA,high,momentum,short,ranging,test,0.795,50.76,36
ADA,high,volume_weighted,long,trending_up,train,0.474,24.05,24
ADA,high,volume_weighted,long,trending_down,train,-0.557,-57.27,26
ADA,high,volume_weighted,long,ranging,train,-0.687,-64.51,31
ADA,high,volume_weighted,long,trending_up,test,-0.876,-53.3,16
ADA,high,volume_weighted,long,trending_down,test,-0.809,-49.64,17
ADA,high,volume_weighted,long,ranging,test,-0.255,-26.4,16
ADA,high,volume_weighted,short,trending_up,train,-0.729,-72.14,16
ADA,high,volume_weighted,short,trending_down,train,-0.763,-63.38,32
ADA,high,volume_weighted,short,ranging,train,-0.557,-74.36,29
ADA,high,volume_weighted,short,trending_up,test,0.369,-0.4,11
ADA,high,volume_weighted,short,trending_down,test,0.65,32.69,15
ADA,high,volume_weighted,short,ranging,test,0.817,49.3,18
ADA,high,triple_ema,long,trending_up,train,1.506,271.82,46
ADA,high,triple_ema,long,trending_down,train,0.543,19.76,24
ADA,high,triple_ema,long,ranging,train,0.555,34.84,59
ADA,high,triple_ema,long,trending_up,test,-1.458,-60.52,32
ADA,high,triple_ema,long,trending_down,test,-0.295,-5.04,14
ADA,high,triple_ema,long,ranging,test,-0.685,-33.45,34
ADA,high,triple_ema,short,trending_up,train,-0.695,-47.26,42
ADA,high,triple_ema,short,trending_down,train,-0.298,-42.11,48
ADA,high,triple_ema,short,ranging,train,0.056,-16.03,56
ADA,high,triple_ema,short,trending_up,test,-1.019,-78.23,24
ADA,high,triple_ema,short,trending_down,test,-0.176,-46.7,28
ADA,high,triple_ema,short,ranging,test,0.044,-25.28,41
ADA,high,rsi_macd_combo,long,trending_up,train,1.464,195.69,24
ADA,high,rsi_macd_combo,long,trending_down,train,1.026,118.89,21
ADA,high,rsi_macd_combo,long,ranging,train,1.106,123.84,19
ADA,high,rsi_macd_combo,long,trending_up,test,-0.02,-27.19,15
ADA,high,rsi_macd_combo,long,trending_down,test,-0.307,-49.34,13
ADA,high,rsi_macd_combo,long,ranging,test,-0.621,-53.17,13
ADA,high,rsi_macd_combo,short,trending_up,train,0.224,-105.31,20
ADA,high,rsi_macd_combo,short,trending_down,train,-1.102,-105.27,22
ADA,high,rsi_macd_combo,short,ranging,train,0.017,-49.21,20
ADA,high,rsi_macd_combo,short,trending_up,test,0.975,63.03,13
ADA,high,rsi_macd_combo,short,trending_down,test,0.924,44.85,14
ADA,high,rsi_macd_combo,short,ranging,test,1.057,64.24,12
ADA,high,stoch_rsi,long,trending_up,train,1.007,101.12,48
ADA,high,stoch_rsi,long,trending_down,train,0.05,-18.69,65
ADA,high,stoch_rsi,long,ranging,train,-0.551,-48.7,56
ADA,high,stoch_rsi,long,trending_up,test,-0.096,-18.58,30
ADA,high,stoch_rsi,long,trending_down,test,-0.115,-22.99,46
ADA,high,stoch_rsi,long,ranging,test,-1.04,-58.91,38
ADA,high,stoch_rsi,short,trending_up,train,-1.572,-92.62,65
ADA,high,stoch_rsi,short,trending_down,train,-0.601,-47.48,49
ADA,high,stoch_rsi,short,ranging,train,-1.4,-78.7,53
ADA,high,stoch_rsi,short,trending_up,test,0.502,4.88,43
ADA,high,stoch_rsi,short,trending_down,test,0.463,-3.55,39
ADA,high,stoch_rsi,short,ranging,test,0.029,-8.84,37
ADA,high,supertrend,long,trending_up,train,0.0,0.0,0
ADA,high,supertrend,long,trending_down,train,0.0,0.0,0
ADA,high,supertrend,long,ranging,train,0.0,0.0,0
ADA,high,supertrend,long,trending_up,test,0.0,0.0,0
ADA,high,supertrend,long,trending_down,test,0.0,0.0,0
ADA,high,supertrend,long,ranging,test,0.0,0.0,0
ADA,high,supertrend,short,trending_up,train,0.0,0.0,0
ADA,high,supertrend,short,trending_down,train,0.0,0.0,0
ADA,high,supertrend,short,ranging,train,0.0,0.0,0
ADA,high,supertrend,short,trending_up,test,0.0,0.0,0
ADA,high,supertrend,short,trending_down,test,0.0,0.0,0
ADA,high,supertrend,short,ranging,test,0.0,0.0,0
ADA,high,ichimoku_cloud,long,trending_up,train,1.338,232.92,19
ADA,high,ichimoku_cloud,long,trending_down,train,0.966,101.99,18
ADA,high,ichimoku_cloud,long,ranging,train,0.087,-12.5,23
ADA,high,ichimoku_cloud,long,trending_up,test,-1.107,-74.51,14
ADA,high,ichimoku_cloud,long,trending_down,test,-1.084,-69.8,14
ADA,high,ichimoku_cloud,long,ranging,test,-0.578,-57.32,14
ADA,high,ichimoku_cloud,short,trending_up,train,-0.203,-73.79,18
ADA,high,ichimoku_cloud,short,trending_down,train,-0.999,-91.68,20
ADA,high,ichimoku_cloud,short,ranging,train,0.56,34.7,19
ADA,high,ichimoku_cloud,short,trending_up,test,0.041,-6.27,10
ADA,high,ichimoku_cloud,short,trending_down,test,0.547,22.36,11
ADA,high,ichimoku_cloud,short,ranging,test,0.277,3.65,15
ADA,high,pairs_spread,long,trending_up,train,1.498,146.5,37
ADA,high,pairs_spread,long,trending_down,train,0.657,53.33,41
ADA,high,pairs_spread,long,ranging,train,0.934,80.45,34
ADA,high,pairs_spread,long,trending_up,test,-0.441,-23.21,23
ADA,high,pairs_spread,long,trending_down,test,-0.389,-37.56,30
ADA,high,pairs_spread,long,ranging,test,-0.54,-33.06,23
ADA,high,pairs_spread,short,trending_up,train,-0.435,-92.5,36
ADA,high,pairs_spread,short,trending_down,train,-0.245,-52.9,42
ADA,high,pairs_spread,short,ranging,train,0.826,80.97,47
ADA,high,pairs_spread,short,trending_up,test,0.594,10.62,23
ADA,high,pairs_spread,short,trending_down,test,0.49,16.06,28
ADA,high,pairs_spread,short,ranging,test,0.835,57.22,30
ADA,high,squeeze_momentum,long,trending_up,train,0.46,23.92,19
ADA,high,squeeze_momentum,long,trending_down,train,0.199,-2.18,19
ADA,high,squeeze_momentum,long,ranging,train,0.268,4.22,21
ADA,high,squeeze_momentum,long,trending_up,test,-1.285,-70.66,9
ADA,high,squeeze_momentum,long,trending_down,test,-1.381,-70.66,9
ADA,high,squeeze_momentum,long,ranging,test,-1.184,-68.67,11
ADA,high,squeeze_momentum,short,trending_up,train,-0.486,-89.17,14
ADA,high,squeeze_momentum,short,trending_down,train,0.11,-96.0,20
ADA,high,squeeze_momentum,short,ranging,train,0.085,-96.12,21
ADA,high,squeeze_momentum,short,trending_up,test,0.423,-6.07,8
ADA,high,squeeze_momentum,short,trending_down,test,0.807,52.29,10
ADA,high,squeeze_momentum,short,ranging,test,0.589,23.25,10
ADA,high,atr_breakout,long,trending_up,train,1.501,342.61,33
ADA,high,atr_breakout,long,trending_down,train,0.565,38.12,29
ADA,high,atr_breakout,long,ranging,train,0.334,9.57,34
ADA,high,atr_breakout,long,trending_up,test,-1.007,-65.02,29
ADA,high,atr_breakout,long,trending_down,test,-0.675,-36.13,22
ADA,high,atr_breakout,long,ranging,test,-0.663,-41.69,25
ADA,high,atr_breakout,short,trending_up,train,0.337,12.0,28
ADA,high,atr_breakout,short,trending_down,train,0.205,-2.72,39
ADA,high,atr_breakout,short,ranging,train,0.449,22.86,32
ADA,high,atr_breakout,short,trending_up,test,-0.143,-42.69,19
ADA,high,atr_breakout,short,trending_down,test,-0.285,-52.6,29
ADA,high,atr_breakout,short,ranging,test,0.491,16.04,27
ADA,high,amd_ifvg,long,trending_up,train,0.0,0.0,0
ADA,high,amd_ifvg,long,trending_down,train,0.0,0.0,0
ADA,high,amd_ifvg,long,ranging,train,0.0,0.0,0
ADA,high,amd_ifvg,long,trending_up,test,0.0,0.0,0
ADA,high,amd_ifvg,long,trending_down,test,0.0,0.0,0
ADA,high,amd_ifvg,long,ranging,test,0.0,0.0,0
ADA,high,amd_ifvg,short,trending_up,train,0.0,0.0,0
ADA,high,amd_ifvg,short,trending_down,train,0.0,0.0,0
ADA,high,amd_ifvg,short,ranging,train,0.0,0.0,0
ADA,high,amd_ifvg,short,trending_up,test,0.0,0.0,0
ADA,high,amd_ifvg,short,trending_down,test,0.0,0.0,0
ADA,high,amd_ifvg,short,ranging,test,0.0,0.0,0
ADA,high,heikin_ashi_ema,long,trending_up,train,0.959,111.98,71
ADA,high,heikin_ashi_ema,long,trending_down,train,-0.796,-44.57,57
ADA,high,heikin_ashi_ema,long,ranging,train,0.624,41.63,75
ADA,high,heikin_ashi_ema,long,trending_up,test,-0.26,-33.83,51
ADA,high,heikin_ashi_ema,long,trending_down,test,-0.997,-29.16,27
ADA,high,heikin_ashi_ema,long,ranging,test,-0.566,-35.8,56
ADA,high,heikin_ashi_ema,short,trending_up,train,-1.769,-64.74,42
ADA,high,heikin_ashi_ema,short,trending_down,train,-1.11,-73.07,84
ADA,high,heikin_ashi_ema,short,ranging,train,-0.207,-28.76,74
ADA,high,heikin_ashi_ema,short,trending_up,test,-0.875,-36.32,32
ADA,high,heikin_ashi_ema,short,trending_down,test,0.0,-16.22,52
ADA,high,heikin_ashi_ema,short,ranging,test,0.703,36.55,60
ADA,high,order_blocks,long,trending_up,train,1.344,247.74,33
ADA,high,order_blocks,long,trending_down,train,0.307,7.59,30
ADA,high,order_blocks,long,ranging,train,0.402,17.95,27
ADA,high,order_blocks,long,trending_up,test,-1.308,-69.06,27
ADA,high,order_blocks,long,trending_down,test,-1.09,-46.82,19
ADA,high,order_blocks,long,ranging,test,-1.025,-45.99,22
ADA,high,order_blocks,short,trending_up,train,0.194,-1.46,30
ADA,high,order_blocks,short,trending_down,train,0.176,-6.87,35
ADA,high,order_blocks,short,ranging,train,0.145,-7.66,30
ADA,high,order_blocks,short,trending_up,test,-0.187,-42.98,16
ADA,high,order_blocks,short,trending_down,test,-0.525,-57.56,23
ADA,high,order_blocks,short,ranging,test,-0.012,-28.81,25
ADA,high,vwap_reversion,long,trending_up,train,0.87,73.73,118
ADA,high,vwap_reversion,long,trending_down,train,0.13,-9.01,167
ADA,high,vwap_reversion,long,ranging,train,-1.205,-63.48,145
ADA,high,vwap_reversion,long,trending_up,test,-1.267,-57.25,75
ADA,high,vwap_reversion,long,trending_down,test,0.289,3.0,121
ADA,high,vwap_reversion,long,ranging,test,-1.088,-56.1,105
ADA,high,vwap_reversion,short,trending_up,train,-1.334,-83.08,145
ADA,high,vwap_reversion,short,trending_down,train,-0.329,-41.03,149
ADA,high,vwap_reversion,short,ranging,train,-1.198,-63.87,142
ADA,high,vwap_reversion,short,trending_up,test,-0.691,-69.52,79
ADA,high,vwap_reversion,short,trending_down,test,0.622,28.44,107
ADA,high,vwap_reversion,short,ranging,test,0.181,-1.35,103
ADA,high,chart_pattern,long,trending_up,train,1.168,200.52,22
ADA,high,chart_pattern,long,trending_down,train,0.525,32.63,19
ADA,high,chart_pattern,long,ranging,train,0.065,-20.3,24
ADA,high,chart_pattern,long,trending_up,test,-0.622,-54.83,15
ADA,high,chart_pattern,long,trending_down,test,-0.521,-37.73,13
ADA,high,chart_pattern,long,ranging,test,-0.511,-42.56,16
ADA,high,chart_pattern,short,trending_up,train,-0.441,-34.61,16
ADA,high,chart_pattern,short,trending_down,train,0.045,-16.03,23
ADA,high,chart_pattern,short,ranging,train,-0.316,-33.64,22
ADA,high,chart_pattern,short,trending_up,test,0.002,-32.34,11
ADA,high,chart_pattern,short,trending_down,test,0.638,32.23,14
ADA,high,chart_pattern,short,ranging,test,0.688,38.0,14
ADA,high,liquidity_sweeps,long,trending_up,train,0.413,18.67,15
ADA,high,liquidity_sweeps,long,trending_down,train,0.267,1.01,14
ADA,high,liquidity_sweeps,long,ranging,train,0.156,-7.92,14
ADA,high,liquidity_sweeps,long,trending_up,test,-0.108,-34.75,11
ADA,high,liquidity_sweeps,long,trending_down,test,-0.731,-68.84,10
ADA,high,liquidity_sweeps,long,ranging,test,-0.536,-59.59,10
ADA,high,liquidity_sweeps,short,trending_up,train,-0.541,-71.62,15
ADA,high,liquidity_sweeps,short,trending_down,train,-1.087,-101.5,14
ADA,high,liquidity_sweeps,short,ranging,train,0.37,-10.64,14
ADA,high,liquidity_sweeps,short,trending_up,test,0.663,33.61,10
ADA,high,liquidity_sweeps,short,trending_down,test,0.234,-2.0,9
ADA,high,liquidity_sweeps,short,ranging,test,0.343,5.31,11
ADA,high,parabolic_sar,long,trending_up,train,1.343,197.12,108
ADA,high,parabolic_sar,long,trending_down,train,-0.387,-31.32,74
ADA,high,parabolic_sar,long,ranging,train,0.332,12.04,92
ADA,high,parabolic_sar,long,trending_up,test,-0.481,-42.53,69
ADA,high,parabolic_sar,long,trending_down,test,0.509,20.55,49
ADA,high,parabolic_sar,long,ranging,test,-1.099,-46.7,59
ADA,high,parabolic_sar,short,trending_up,train,-0.857,-55.49,72
ADA,high,parabolic_sar,short,trending_down,train,-0.769,-61.1,119
ADA,high,parabolic_sar,short,ranging,train,0.416,19.41,93
ADA,high,parabolic_sar,short,trending_up,test,0.391,10.93,45
ADA,high,parabolic_sar,short,trending_down,test,0.158,-5.14,77
ADA,high,parabolic_sar,short,ranging,test,0.53,21.04,68
ADA,high,range_scalper,long,trending_up,train,0.0,0.0,0
ADA,high,range_scalper,long,trending_down,train,0.0,0.0,0
ADA,high,range_scalper,long,ranging,train,0.0,0.0,0
ADA,high,range_scalper,long,trending_up,test,0.0,0.0,0
ADA,high,range_scalper,long,trending_down,test,0.0,0.0,0
ADA,high,range_scalper,long,ranging,test,0.0,0.0,0
ADA,high,range_scalper,short,trending_up,train,0.0,0.0,0
ADA,high,range_scalper,short,trending_down,train,0.0,0.0,0
ADA,high,range_scalper,short,ranging,train,0.0,0.0,0
ADA,high,range_scalper,short,trending_up,test,0.0,0.0,0
ADA,high,range_scalper,short,trending_down,test,0.0,0.0,0
ADA,high,range_scalper,short,ranging,test,0.0,0.0,0
ADA,high,sweep_squeeze_combo,long,trending_up,train,-0.341,-33.04,5
ADA,high,sweep_squeeze_combo,long,trending_down,train,-0.173,-27.45,5
ADA,high,sweep_squeeze_combo,long,ranging,train,-0.7,-50.85,5
ADA,high,sweep_squeeze_combo,long,trending_up,test,-0.219,-32.69,2
ADA,high,sweep_squeeze_combo,long,trending_down,test,-0.09,-25.51,2
ADA,high,sweep_squeeze_combo,long,ranging,test,-0.165,-29.89,2
ADA,high,sweep_squeeze_combo,short,trending_up,train,0.675,-155.3,6
ADA,high,sweep_squeeze_combo,short,trending_down,train,0.901,-150.47,5
ADA,high,sweep_squeeze_combo,short,ranging,train,0.542,-145.78,6
ADA,high,sweep_squeeze_combo,short,trending_up,test,0.735,41.89,2
ADA,high,sweep_squeeze_combo,short,trending_down,test,1.084,77.81,2
ADA,high,sweep_squeeze_combo,short,ranging,test,1.516,107.42,2
ADA,high,adx_trend,long,trending_up,train,0.569,37.78,21
ADA,high,adx_trend,long,trending_down,train,0.686,61.61,13
ADA,high,adx_trend,long,ranging,train,0.536,33.3,13
ADA,high,adx_trend,long,trending_up,test,0.633,32.83,17
ADA,high,adx_trend,long,trending_down,test,0.949,75.31,7
ADA,high,adx_trend,long,ranging,test,0.681,38.18,7
ADA,high,adx_trend,short,trending_up,train,-0.628,-54.58,11
ADA,high,adx_trend,short,trending_down,train,-0.796,-67.49,21
ADA,high,adx_trend,short,ranging,train,-0.308,-31.41,7
ADA,high,adx_trend,short,trending_up,test,1.182,108.21,10
ADA,high,adx_trend,short,trending_down,test,1.342,155.46,16
ADA,high,adx_trend,short,ranging,test,1.306,121.99,11
ADA,high,donchian_breakout,long,trending_up,train,1.283,217.99,43
ADA,high,donchian_breakout,long,trending_down,train,0.046,-8.15,33
ADA,high,donchian_breakout,long,ranging,train,0.091,-12.64,45
ADA,high,donchian_breakout,long,trending_up,test,-0.911,-59.88,28
ADA,high,donchian_breakout,long,trending_down,test,-0.589,-29.52,23
ADA,high,donchian_breakout,long,ranging,test,-0.671,-40.46,28
ADA,high,donchian_breakout,short,trending_up,train,-1.012,-50.82,27
ADA,high,donchian_breakout,short,trending_down,train,-0.573,-57.29,48
ADA,high,donchian_breakout,short,ranging,train,-0.381,-39.86,40
ADA,high,donchian_breakout,short,trending_up,test,0.11,-25.33,19
ADA,high,donchian_breakout,short,trending_down,test,0.346,-0.48,29
ADA,high,donchian_breakout,short,ranging,test,0.804,54.8,29
ADA,high,tema_cross,long,trending_up,train,1.051,91.73,38
ADA,high,tema_cross,long,trending_down,train,0.098,0.95,6
ADA,high,tema_cross,long,ranging,train,0.536,27.37,37
ADA,high,tema_cross,long,trending_up,test,0.19,2.04,16
ADA,high,tema_cross,long,trending_down,test,0.303,0.64,1
ADA,high,tema_cross,long,ranging,test,0.111,0.21,16
ADA,high,tema_cross,short,trending_up,train,-0.752,-86.94,34
ADA,high,tema_cross,short,trending_down,train,-0.486,-92.33,34
ADA,high,tema_cross,short,ranging,train,-0.546,-86.0,43
ADA,high,tema_cross,short,trending_up,test,0.581,14.7,21
ADA,high,tema_cross,short,trending_down,test,0.806,53.45,17
ADA,high,tema_cross,short,ranging,test,0.656,32.76,22
AVAX,high,sma_crossover,long,trending_up,train,1.631,530.56,33
AVAX,high,sma_crossover,long,trending_down,train,1.5,365.53,39
AVAX,high,sma_crossover,long,ranging,train,0.797,79.51,33
AVAX,high,sma_crossover,long,trending_up,test,-1.221,-61.99,26
AVAX,high,sma_crossover,long,trending_down,test,-0.872,-37.86,23
AVAX,high,sma_crossover,long,ranging,test,-0.278,-28.73,30
AVAX,high,sma_crossover,short,trending_up,train,-0.578,-40.89,37
AVAX,high,sma_crossover,short,trending_down,train,0.527,33.03,37
AVAX,high,sma_crossover,short,ranging,train,0.013,-10.89,33
AVAX,high,sma_crossover,short,trending_up,test,0.444,14.31,23
AVAX,high,sma_crossover,short,trending_down,test,0.214,-4.61,24
AVAX,high,sma_crossover,short,ranging,test,0.628,29.84,31
AVAX,high,ema_crossover,long,trending_up,train,1.543,448.63,50
AVAX,high,ema_crossover,long,trending_down,train,1.162,174.13,41
AVAX,high,ema_crossover,long,ranging,train,1.384,295.97,50
AVAX,high,ema_crossover,long,trending_up,test,-1.284,-60.95,37
AVAX,high,ema_crossover,long,trending_down,test,-1.146,-32.83,28
AVAX,high,ema_crossover,long,ranging,test,-1.187,-58.14,50
AVAX,high,ema_crossover,short,trending_up,train,-1.016,-47.4,34
AVAX,high,ema_crossover,short,trending_down,train,0.273,1.7,54
AVAX,high,ema_crossover,short,ranging,train,0.188,-2.77,46
AVAX,high,ema_crossover,short,trending_up,test,-0.835,-33.42,22
AVAX,high,ema_crossover,short,trending_down,test,-0.451,-41.6,37
AVAX,high,ema_crossover,short,ranging,test,-0.046,-19.54,51
AVAX,high,rsi,long,trending_up,train,-0.15,-33.92,17
AVAX,high,rsi,long,trending_down,train,-0.085,-35.24,17
AVAX,high,rsi,long,ranging,train,-0.372,-36.93,10
AVAX,high,rsi,long,trending_up,test,-0.24,-35.36,11
AVAX,high,rsi,long,trending_down,test,0.2,-11.32,12
AVAX,high,rsi,long,ranging,test,-0.425,-42.78,8
AVAX,high,rsi,short,trending_up,train,-1.488,-144.94,18
AVAX,high,rsi,short,trending_down,train,0.793,-206.95,17
AVAX,high,rsi,short,ranging,train,-1.107,-186.55,15
AVAX,high,rsi,short,trending_up,test,1.077,89.14,12
AVAX,high,rsi,short,trending_down,test,0.568,24.53,11
AVAX,high,rsi,short,ranging,test,1.074,86.03,11
AVAX,high,bollinger_bands,long,trending_up,train,0.49,27.55,38
AVAX,high,bollinger_bands,long,trending_down,train,-0.191,-44.76,39
AVAX,high,bollinger_bands,long,ranging,train,0.177,-5.91,30
AVAX,high,bollinger_bands,long,trending_up,test,-0.364,-26.55,19
AVAX,high,bollinger_bands,long,trending_down,test,0.094,-16.75,27
AVAX,high,bollinger_bands,long,ranging,test,0.017,-15.68,25
AVAX,high,bollinger_bands,short,trending_up,train,-0.274,-100.84,40
AVAX,high,bollinger_bands,short,trending_down,train,0.869,-100.77,39
AVAX,high,bollinger_bands,short,ranging,train,0.088,-114.81,31
AVAX,high,bollinger_bands,short,trending_up,test,1.061,83.77,26
AVAX,high,bollinger_bands,short,trending_down,test,0.398,10.91,22
AVAX,high,bollinger_bands,short,ranging,test,0.297,-0.0,24
AVAX,high,macd,long,trending_up,train,1.145,166.66,99
AVAX,high,macd,long,trending_down,train,-0.049,-22.17,90
AVAX,high,macd,long,ranging,train,0.988,93.48,74
AVAX,high,macd,long,trending_up,test,-0.608,-38.93,61
AVAX,high,macd,long,trending_down,test,-0.084,-18.31,47
AVAX,high,macd,long,ranging,test,-0.597,-39.09,74
AVAX,high,macd,short,trending_up,train,-1.246,-77.25,59
AVAX,high,macd,short,trending_down,train,-0.357,-47.54,122
AVAX,high,macd,short,ranging,train,0.157,-3.93,78
AVAX,high,macd,short,trending_up,test,0.531,18.53,41
AVAX,high,macd,short,trending_down,test,0.072,-9.07,65
AVAX,high,macd,short,ranging,test,0.487,18.03,73
AVAX,high,mean_reversion,long,trending_up,train,0.543,29.77,44
AVAX,high,mean_reversion,long,trending_down,train,-0.201,-41.57,53
AVAX,high,mean_reversion,long,ranging,train,0.31,10.27,42
AVAX,high,mean_reversion,long,trending_up,test,-0.772,-42.5,32
AVAX,high,mean_reversion,long,trending_down,test,-0.255,-36.81,34
AVAX,high,mean_reversion,long,ranging,test,-0.529,-43.19,33
AVAX,high,mean_reversion,short,trending_up,train,0.373,-100.08,38
AVAX,high,mean_reversion,short,trending_down,train,0.876,-100.39,54
AVAX,high,mean_reversion,short,ranging,train,0.926,-97.36,46
AVAX,high,mean_reversion,short,trending_up,test,0.582,25.73,29
AVAX,high,mean_reversion,short,trending_down,test,0.722,36.46,32
AVAX,high,mean_reversion,short,ranging,test,0.197,-7.94,38
AVAX,high,momentum,long,trending_up,train,1.178,213.21,51
AVAX,high,momentum,long,trending_down,train,0.914,99.54,42
AVAX,high,momentum,long,ranging,train,1.7,452.63,40
AVAX,high,momentum,long,trending_up,test,-0.913,-52.85,35
AVAX,high,momentum,long,trending_down,test,-0.827,-37.66,28
AVAX,high,momentum,long,ranging,test,-1.815,-73.18,38
AVAX,high,momentum,short,trending_up,train,-0.723,-48.35,37
AVAX,high,momentum,short,trending_down,train,0.633,48.7,47
AVAX,high,momentum,short,ranging,train,0.346,11.88,42
AVAX,high,momentum,short,trending_up,test,-0.876,-29.05,22
AVAX,high,momentum,short,trending_down,test,-0.115,-24.05,42
AVAX,high,momentum,short,ranging,test,-0.477,-38.23,40
AVAX,high,volume_weighted,long,trending_up,train,0.443,21.67,27
AVAX,high,volume_weighted,long,trending_down,train,0.454,23.33,23
AVAX,high,volume_weighted,long,ranging,train,0.095,-10.48,21
AVAX,high,volume_weighted,long,trending_up,test,-0.75,-48.69,20
AVAX,high,volume_weighted,long,trending_down,test,-0.74,-45.53,13
AVAX,high,volume_weighted,long,ranging,test,-0.373,-33.57,28
AVAX,high,volume_weighted,short,trending_up,train,0.172,-91.52,19
AVAX,high,volume_weighted,short,trending_down,train,-0.725,-72.7,26
AVAX,high,volume_weighted,short,ranging,train,-0.618,-80.34,21
AVAX,high,volume_weighted,short,trending_up,test,0.95,58.44,18
AVAX,high,volume_weighted,short,trending_down,test,0.963,63.99,19
AVAX,high,volume_weighted,short,ranging,test,0.697,37.27,24
AVAX,high,triple_ema,long,trending_up,train,1.337,275.5,41
AVAX,high,triple_ema,long,trending_down,train,0.873,81.03,30
AVAX,high,triple_ema,long,ranging,train,1.495,319.07,41
AVAX,high,triple_ema,long,trending_up,test,-1.045,-49.03,30
AVAX,high,triple_ema,long,trending_down,test,-0.346,-9.93,13
AVAX,high,triple_ema,long,ranging,test,-0.381,-25.04,36
AVAX,high,triple_ema,short,trending_up,train,-0.565,-46.42,32
AVAX,high,triple_ema,short,trending_down,train,0.037,-21.97,45
AVAX,high,triple_ema,short,ranging,train,-0.044,-23.79,43
AVAX,high,triple_ema,short,trending_up,test,0.706,33.89,23
AVAX,high,triple_ema,short,trending_down,test,0.485,17.14,30
AVAX,high,triple_ema,short,ranging,test,0.066,-13.22,41
AVAX,high,rsi_macd_combo,long,trending_up,train,0.376,12.46,22
AVAX,high,rsi_macd_combo,long,trending_down,train,0.226,-8.96,21
AVAX,high,rsi_macd_combo,long,ranging,train,-0.425,-50.38,16
AVAX,high,rsi_macd_combo,long,trending_up,test,-0.973,-68.9,17
AVAX,high,rsi_macd_combo,long,trending_down,test,-0.327,-47.48,15
AVAX,high,rsi_macd_combo,long,ranging,test,-0.943,-66.3,14
AVAX,high,rsi_macd_combo,short,trending_up,train,-0.64,-100.09,20
AVAX,high,rsi_macd_combo,short,trending_down,train,0.866,-98.6,22
AVAX,high,rsi_macd_combo,short,ranging,train,-1.344,-93.87,17
AVAX,high,rsi_macd_combo,short,trending_up,test,0.683,34.5,15
AVAX,high,rsi_macd_combo,short,trending_down,test,0.118,-6.92,15
AVAX,high,rsi_macd_combo,short,ranging,test,-0.04,-15.62,13
AVAX,high,stoch_rsi,long,trending_up,train,0.973,105.0,48
AVAX,high,stoch_rsi,long,trending_down,train,0.005,-28.25,73
AVAX,high,stoch_rsi,long,ranging,train,-0.101,-26.58,46
AVAX,high,stoch_rsi,long,trending_up,test,-0.285,-23.54,29
AVAX,high,stoch_rsi,long,trending_down,test,-0.246,-31.49,39
AVAX,high,stoch_rsi,long,ranging,test,0.178,-3.75,39
AVAX,high,stoch_rsi,short,trending_up,train,-1.04,-93.76,67
AVAX,high,stoch_rsi,short,trending_down,train,-0.215,-56.16,56
AVAX,high,stoch_rsi,short,ranging,train,-0.623,-65.31,43
AVAX,high,stoch_rsi,short,trending_up,test,0.972,60.7,41
AVAX,high,stoch_rsi,short,trending_down,test,0.657,32.0,33
AVAX,high,stoch_rsi,short,ranging,test,1.13,68.03,40
AVAX,high,supertrend,long,trending_up,train,0.0,0.0,0
AVAX,high,supertrend,long,trending_down,train,0.0,0.0,0
AVAX,high,supertrend,long,ranging,train,0.0,0.0,0
AVAX,high,supertrend,long,trending_up,test,0.0,0.0,0
AVAX,high,supertrend,long,trending_down,test,0.0,0.0,0
AVAX,high,supertrend,long,ranging,test,0.0,0.0,0
AVAX,high,supertrend,short,trending_up,train,0.0,0.0,0
AVAX,high,supertrend,short,trending_down,train,0.0,0.0,0
AVAX,high,supertrend,short,ranging,train,0.0,0.0,0
AVAX,high,supertrend,short,trending_up,test,0.0,0.0,0
AVAX,high,supertrend,short,trending_down,test,0.0,0.0,0
AVAX,high,supertrend,short,ranging,test,0.0,0.0,0
AVAX,high,ichimoku_cloud,long,trending_up,train,1.747,652.33,14
AVAX,high,ichimoku_cloud,long,trending_down,train,1.261,250.22,19
AVAX,high,ichimoku_cloud,long,ranging,train,1.279,254.8,15
AVAX,high,ichimoku_cloud,long,trending_up,test,-1.016,-64.32,15
AVAX,high,ichimoku_cloud,long,trending_down,test,-1.364,-65.94,14
AVAX,high,ichimoku_cloud,long,ranging,test,-0.233,-30.59,14
AVAX,high,ichimoku_cloud,short,trending_up,train,-0.15,-23.76,18
AVAX,high,ichimoku_cloud,short,trending_down,train,0.585,39.6,19
AVAX,high,ichimoku_cloud,short,ranging,train,0.667,47.2,14
AVAX,high,ichimoku_cloud,short,trending_up,test,1.438,95.19,12
AVAX,high,ichimoku_cloud,short,trending_down,test,0.658,31.28,12
AVAX,high,ichimoku_cloud,short,ranging,test,1.189,82.92,13
AVAX,high,pairs_spread,long,trending_up,train,0.84,52.84,35
AVAX,high,pairs_spread,long,trending_down,train,-0.238,-44.04,42
AVAX,high,pairs_spread,long,ranging,train,0.368,14.64,26
AVAX,high,pairs_spread,long,trending_up,test,-0.611,-34.26,23
AVAX,high,pairs_spread,long,trending_down,test,-0.192,-31.54,28
AVAX,high,pairs_spread,long,ranging,test,-0.583,-37.18,22
AVAX,high,pairs_spread,short,trending_up,train,0.36,-100.03,35
AVAX,high,pairs_spread,short,trending_down,train,0.876,-100.36,43
AVAX,high,pairs_spread,short,ranging,train,0.912,-98.47,37
AVAX,high,pairs_spread,short,trending_up,test,0.859,59.32,20
AVAX,high,pairs_spread,short,trending_down,test,0.266,-6.04,22
AVAX,high,pairs_spread,short,ranging,test,0.599,26.06,30
AVAX,high,squeeze_momentum,long,trending_up,train,1.305,303.1,11
AVAX,high,squeeze_momentum,long,trending_down,train,1.342,304.83,12
AVAX,high,squeeze_momentum,long,ranging,train,1.027,163.22,15
AVAX,high,squeeze_momentum,long,trending_up,test,-0.485,-32.07,7
AVAX,high,squeeze_momentum,long,trending_down,test,-0.797,-36.48,5
AVAX,high,squeeze_momentum,long,ranging,test,-0.19,-21.39,11
AVAX,high,squeeze_momentum,short,trending_up,train,0.874,87.89,12
AVAX,high,squeeze_momentum,short,trending_down,train,0.715,60.59,13
AVAX,high,squeeze_momentum,short,ranging,train,0.061,-17.19,13
AVAX,high,squeeze_momentum,short,trending_up,test,0.739,42.84,8
AVAX,high,squeeze_momentum,short,trending_down,test,0.723,42.06,9
AVAX,high,squeeze_momentum,short,ranging,test,0.894,61.81,10
AVAX,high,atr_breakout,long,trending_up,train,0.986,152.1,39
AVAX,high,atr_breakout,long,trending_down,train,0.358,4.66,34
AVAX,high,atr_breakout,long,ranging,train,1.435,334.21,27
AVAX,high,atr_breakout,long,trending_up,test,-0.471,-34.93,28
AVAX,high,atr_breakout,long,trending_down,test,-0.396,-24.73,22
AVAX,high,atr_breakout,long,ranging,test,-0.739,-41.03,33
AVAX,high,atr_breakout,short,trending_up,train,0.481,23.74,23
AVAX,high,atr_breakout,short,trending_down,train,-0.026,-23.32,36
AVAX,high,atr_breakout,short,ranging,train,-0.069,-20.68,25
AVAX,high,atr_breakout,short,trending_up,test,1.333,83.92,20
AVAX,high,atr_breakout,short,trending_down,test,0.207,-3.8,37
AVAX,high,atr_breakout,short,ranging,test,0.636,30.9,32
AVAX,high,amd_ifvg,long,trending_up,train,0.0,0.0,0
AVAX,high,amd_ifvg,long,trending_down,train,0.0,0.0,0
AVAX,high,amd_ifvg,long,ranging,train,0.0,0.0,0
AVAX,high,amd_ifvg,long,trending_up,test,0.0,0.0,0
AVAX,high,amd_ifvg,long,trending_down,test,0.0,0.0,0
AVAX,high,amd_ifvg,long,ranging,test,0.0,0.0,0
AVAX,high,amd_ifvg,short,trending_up,train,0.0,0.0,0
AVAX,high,amd_ifvg,short,trending_down,train,0.0,0.0,0
AVAX,high,amd_ifvg,short,ranging,train,0.0,0.0,0
AVAX,high,amd_ifvg,short,trending_up,test,0.0,0.0,0
AVAX,high,amd_ifvg,short,trending_down,test,0.0,0.0,0
AVAX,high,amd_ifvg,short,ranging,test,0.0,0.0,0
AVAX,high,heikin_ashi_ema,long,trending_up,train,1.349,292.94,74
AVAX,high,heikin_ashi_ema,long,trending_down,train,0.581,39.08,59
AVAX,high,heikin_ashi_ema,long,ranging,train,1.21,178.66,63
AVAX,high,heikin_ashi_ema,long,trending_up,test,-0.824,-46.46,48
AVAX,high,heikin_ashi_ema,long,trending_down,test,-1.715,-44.19,22
AVAX,high,heikin_ashi_ema,long,ranging,test,-1.021,-50.38,58
AVAX,high,heikin_ashi_ema,short,trending_up,train,-1.059,-63.76,48
AVAX,high,heikin_ashi_ema,short,trending_down,train,-0.212,-40.73,79
AVAX,high,heikin_ashi_ema,short,ranging,train,0.344,12.12,62
AVAX,high,heikin_ashi_ema,short,trending_up,test,0.194,1.5,37
AVAX,high,heikin_ashi_ema,short,trending_down,test,-0.177,-27.95,51
AVAX,high,heikin_ashi_ema,short,ranging,test,-0.084,-20.65,61
AVAX,high,order_blocks,long,trending_up,train,0.24,-14.15,39
AVAX,high,order_blocks,long,trending_down,train,-0.261,-51.33,38
AVAX,high,order_blocks,long,ranging,train,0.553,36.7,28
AVAX,high,order_blocks,long,trending_up,test,-0.862,-51.44,24
AVAX,high,order_blocks,long,trending_down,test,-0.222,-23.82,18
AVAX,high,order_blocks,long,ranging,test,-0.807,-45.04,27
AVAX,high,order_blocks,short,trending_up,train,-0.456,-77.63,24
AVAX,high,order_blocks,short,trending_down,train,-0.497,-86.84,35
AVAX,high,order_blocks,short,ranging,train,0.663,-99.44,25
AVAX,high,order_blocks,short,trending_up,test,1.077,67.35,18
AVAX,high,order_blocks,short,trending_down,test,0.187,-5.84,26
AVAX,high,order_blocks,short,ranging,test,0.526,21.14,26
AVAX,high,vwap_reversion,long,trending_up,train,0.301,4.24,127
AVAX,high,vwap_reversion,long,trending_down,train,-0.404,-49.27,186
AVAX,high,vwap_reversion,long,ranging,train,-0.396,-41.63,110
AVAX,high,vwap_reversion,long,trending_up,test,-0.051,-13.58,86
AVAX,high,vwap_reversion,long,trending_down,test,0.427,12.88,105
AVAX,high,vwap_reversion,long,ranging,test,-1.066,-60.29,114
AVAX,high,vwap_reversion,short,trending_up,train,-1.269,-91.6,152
AVAX,high,vwap_reversion,short,trending_down,train,-0.85,-89.88,178
AVAX,high,vwap_reversion,short,ranging,train,-1.1,-68.99,114
AVAX,high,vwap_reversion,short,trending_up,test,1.355,83.55,87
AVAX,high,vwap_reversion,short,trending_down,test,1.249,83.32,90
AVAX,high,vwap_reversion,short,ranging,test,-0.014,-12.43,113
AVAX,high,chart_pattern,long,trending_up,train,0.805,94.25,25
AVAX,high,chart_pattern,long,trending_down,train,0.701,65.49,24
AVAX,high,chart_pattern,long,ranging,train,1.169,204.09,20
AVAX,high,chart_pattern,long,trending_up,test,-1.017,-62.31,14
AVAX,high,chart_pattern,long,trending_down,test,-0.962,-52.84,13
AVAX,high,chart_pattern,long,ranging,test,-1.084,-61.66,14
AVAX,high,chart_pattern,short,trending_up,train,-0.737,-49.98,21
AVAX,high,chart_pattern,short,trending_down,train,-0.615,-60.79,26
AVAX,high,chart_pattern,short,ranging,train,-0.099,-21.61,17
AVAX,high,chart_pattern,short,trending_up,test,0.936,46.74,12
AVAX,high,chart_pattern,short,trending_down,test,0.537,21.74,13
AVAX,high,chart_pattern,short,ranging,test,0.364,8.78,15
AVAX,high,liquidity_sweeps,long,trending_up,train,0.357,10.07,14
AVAX,high,liquidity_sweeps,long,trending_down,train,0.282,-3.42,14
AVAX,high,liquidity_sweeps,long,ranging,train,0.328,7.03,11
AVAX,high,liquidity_sweeps,long,trending_up,test,-1.228,-77.2,9
AVAX,high,liquidity_sweeps,long,trending_down,test,-0.785,-67.55,9
AVAX,high,liquidity_sweeps,long,ranging,test,-1.372,-79.89,10
AVAX,high,liquidity_sweeps,short,trending_up,train,0.392,-178.37,14
AVAX,high,liquidity_sweeps,short,trending_down,train,0.795,-261.2,14
AVAX,high,liquidity_sweeps,short,ranging,train,-1.104,-228.78,13
AVAX,high,liquidity_sweeps,short,trending_up,test,0.429,11.68,10
AVAX,high,liquidity_sweeps,short,trending_down,test,0.064,-18.4,9
AVAX,high,liquidity_sweeps,short,ranging,test,-0.122,-28.28,7
AVAX,high,parabolic_sar,long,trending_up,train,1.034,144.74,111
AVAX,high,parabolic_sar,long,trending_down,train,-0.04,-22.25,93
AVAX,high,parabolic_sar,long,ranging,train,0.784,66.62,79
AVAX,high,parabolic_sar,long,trending_up,test,-0.966,-49.16,68
AVAX,high,parabolic_sar,long,trending_down,test,-0.225,-20.49,43
AVAX,high,parabolic_sar,long,ranging,test,-0.453,-32.8,68
AVAX,high,parabolic_sar,short,trending_up,train,-0.864,-60.89,67
AVAX,high,parabolic_sar,short,trending_down,train,-0.68,-65.64,136
AVAX,high,parabolic_sar,short,ranging,train,-0.374,-41.55,81
AVAX,high,parabolic_sar,short,trending_up,test,-0.053,-9.94,45
AVAX,high,parabolic_sar,short,trending_down,test,0.524,20.56,64
AVAX,high,parabolic_sar,short,ranging,test,0.335,6.6,67
AVAX,high,range_scalper,long,trending_up,train,0.0,0.0,0
AVAX,high,range_scalper,long,trending_down,train,0.0,0.0,0
AVAX,high,range_scalper,long,ranging,train,0.0,0.0,0
AVAX,high,range_scalper,long,trending_up,test,0.0,0.0,0
AVAX,high,range_scalper,long,trending_down,test,0.0,0.0,0
AVAX,high,range_scalper,long,ranging,test,0.0,0.0,0
AVAX,high,range_scalper,short,trending_up,train,0.0,0.0,0
AVAX,high,range_scalper,short,trending_down,train,0.0,0.0,0
AVAX,high,range_scalper,short,ranging,train,0.0,0.0,0
AVAX,high,range_scalper,short,trending_up,test,0.0,0.0,0
AVAX,high,range_scalper,short,trending_down,test,0.0,0.0,0
AVAX,high,range_scalper,short,ranging,test,0.0,0.0,0
AVAX,high,sweep_squeeze_combo,long,trending_up,train,0.0,0.0,0
AVAX,high,sweep_squeeze_combo,long,trending_down,train,0.0,0.0,0
AVAX,high,sweep_squeeze_combo,long,ranging,train,0.0,0.0,0
AVAX,high,sweep_squeeze_combo,long,trending_up,test,0.24,1.1,4
AVAX,high,sweep_squeeze_combo,long,trending_down,test,0.557,22.89,4
AVAX,high,sweep_squeeze_combo,long,ranging,test,0.494,17.95,4
AVAX,high,sweep_squeeze_combo,short,trending_up,train,-0.808,-123.05,1
AVAX,high,sweep_squeeze_combo,short,trending_down,train,-0.018,-128.95,1
AVAX,high,sweep_squeeze_combo,short,ranging,train,-0.644,-124.52,1
AVAX,high,sweep_squeeze_combo,short,trending_up,test,1.445,132.8,4
AVAX,high,sweep_squeeze_combo,short,trending_down,test,1.632,146.66,4
AVAX,high,sweep_squeeze_combo,short,ranging,test,1.43,124.13,4
AVAX,high,adx_trend,long,trending_up,train,0.344,3.16,29
AVAX,high,adx_trend,long,trending_down,train,0.166,-14.32,15
AVAX,high,adx_trend,long,ranging,train,0.316,4.54,13
AVAX,high,adx_trend,long,trending_up,test,-0.413,-44.44,14
AVAX,high,adx_trend,long,trending_down,test,-0.882,-56.31,7
AVAX,high,adx_trend,long,ranging,test,-0.913,-56.69,7
AVAX,high,adx_trend,short,trending_up,train,0.74,-133.05,15
AVAX,high,adx_trend,short,trending_down,train,-0.159,-135.33,30
AVAX,high,adx_trend,short,ranging,train,-1.172,-101.57,12
AVAX,high,adx_trend,short,trending_up,test,0.59,26.21,8
AVAX,high,adx_trend,short,trending_down,test,0.588,26.43,14
AVAX,high,adx_trend,short,ranging,test,0.43,11.83,8
AVAX,high,donchian_breakout,long,trending_up,train,1.577,508.31,40
AVAX,high,donchian_breakout,long,trending_down,train,1.106,174.49,34
AVAX,high,donchian_breakout,long,ranging,train,1.459,345.09,36
AVAX,high,donchian_breakout,long,trending_up,test,-1.258,-62.16,28
AVAX,high,donchian_breakout,long,trending_down,test,-0.797,-32.4,19
AVAX,high,donchian_breakout,long,ranging,test,-1.061,-54.53,30
AVAX,high,donchian_breakout,short,trending_up,train,-0.293,-22.21,25
AVAX,high,donchian_breakout,short,trending_down,train,0.691,57.31,40
AVAX,high,donchian_breakout,short,ranging,train,0.24,2.98,29
AVAX,high,donchian_breakout,short,trending_up,test,0.108,-5.26,19
AVAX,high,donchian_breakout,short,trending_down,test,-0.122,-26.66,29
AVAX,high,donchian_breakout,short,ranging,test,-0.146,-24.91,32
AVAX,high,tema_cross,long,trending_up,train,1.306,194.59,34
AVAX,high,tema_cross,long,trending_down,train,0.863,38.37,7
AVAX,high,tema_cross,long,ranging,train,0.715,50.14,26
AVAX,high,tema_cross,long,trending_up,test,0.198,2.39,18
AVAX,high,tema_cross,long,trending_down,test,-1.192,-1.63,1
AVAX,high,tema_cross,long,ranging,test,0.459,11.15,20
AVAX,high,tema_cross,short,trending_up,train,0.049,-26.52,31
AVAX,high,tema_cross,short,trending_down,train,0.068,-26.67,32
AVAX,high,tema_cross,short,ranging,train,0.187,-15.92,30
AVAX,high,tema_cross,short,trending_up,test,0.91,61.6,22
AVAX,high,tema_cross,short,trending_down,test,1.06,84.89,19
AVAX,high,tema_cross,short,ranging,test,0.812,50.23,24
LINK,mid,sma_crossover,long,trending_up,train,0.892,106.08,38
LINK,mid,sma_crossover,long,trending_down,train,0.955,107.06,41
LINK,mid,sma_crossover,long,ranging,train,0.647,50.99,40
LINK,mid,sma_crossover,long,trending_up,test,-0.227,-26.31,24
LINK,mid,sma_crossover,long,trending_down,test,-0.772,-35.14,20
LINK,mid,sma_crossover,long,ranging,test,-0.731,-44.72,29
LINK,mid,sma_crossover,short,trending_up,train,-0.947,-43.41,39
LINK,mid,sma_crossover,short,trending_down,train,-0.572,-58.08,40
LINK,mid,sma_crossover,short,ranging,train,-0.188,-26.32,39
LINK,mid,sma_crossover,short,trending_up,test,0.68,29.37,27
LINK,mid,sma_crossover,short,trending_down,test,0.571,25.07,24
LINK,mid,sma_crossover,short,ranging,test,0.667,32.02,32
LINK,mid,ema_crossover,long,trending_up,train,0.878,100.87,53
LINK,mid,ema_crossover,long,trending_down,train,0.907,91.82,52
LINK,mid,ema_crossover,long,ranging,train,0.773,72.5,62
LINK,mid,ema_crossover,long,trending_up,test,-0.859,-51.26,39
LINK,mid,ema_crossover,long,trending_down,test,-2.03,-53.64,31
LINK,mid,ema_crossover,long,ranging,test,-0.99,-53.26,47
LINK,mid,ema_crossover,short,trending_up,train,-1.016,-36.01,38
LINK,mid,ema_crossover,short,trending_down,train,-0.671,-60.84,63
LINK,mid,ema_crossover,short,ranging,train,-0.108,-23.2,60
LINK,mid,ema_crossover,short,trending_up,test,0.052,-5.52,31
LINK,mid,ema_crossover,short,trending_down,test,-0.357,-37.39,39
LINK,mid,ema_crossover,short,ranging,test,0.427,12.92,49
LINK,mid,rsi,long,trending_up,train,1.132,111.53,20
LINK,mid,rsi,long,trending_down,train,0.932,106.46,21
LINK,mid,rsi,long,ranging,train,0.648,45.74,17
LINK,mid,rsi,long,trending_up,test,0.055,-15.21,12
LINK,mid,rsi,long,trending_down,test,0.389,7.61,12
LINK,mid,rsi,long,ranging,test,-0.074,-18.97,10
LINK,mid,rsi,short,trending_up,train,-0.69,-102.27,21
LINK,mid,rsi,short,trending_down,train,1.016,-105.35,19
LINK,mid,rsi,short,ranging,train,-0.702,-93.92,17
LINK,mid,rsi,short,trending_up,test,1.089,91.69,11
LINK,mid,rsi,short,trending_down,test,1.365,121.75,12
LINK,mid,rsi,short,ranging,test,1.623,147.14,11
LINK,mid,bollinger_bands,long,trending_up,train,0.284,8.53,39
LINK,mid,bollinger_bands,long,trending_down,train,0.471,24.86,42
LINK,mid,bollinger_bands,long,ranging,train,0.407,17.91,38
LINK,mid,bollinger_bands,long,trending_up,test,-0.144,-13.23,24
LINK,mid,bollinger_bands,long,trending_down,test,0.403,10.0,26
LINK,mid,bollinger_bands,long,ranging,test,-0.408,-34.63,22
LINK,mid,bollinger_bands,short,trending_up,train,0.385,-97.34,41
LINK,mid,bollinger_bands,short,trending_down,train,0.176,-81.35,40
LINK,mid,bollinger_bands,short,ranging,train,-0.663,-98.87,40
LINK,mid,bollinger_bands,short,trending_up,test,0.417,-0.71,22
LINK,mid,bollinger_bands,short,trending_down,test,0.698,38.19,23
LINK,mid,bollinger_bands,short,ranging,test,1.142,92.56,27
LINK,mid,macd,long,trending_up,train,0.746,60.1,96
LINK,mid,macd,long,trending_down,train,0.556,36.02,85
LINK,mid,macd,long,ranging,train,0.782,58.12,98
LINK,mid,macd,long,trending_up,test,-0.101,-18.64,67
LINK,mid,macd,long,trending_down,test,-0.404,-34.0,50
LINK,mid,macd,long,ranging,test,-1.851,-64.86,78
LINK,mid,macd,short,trending_up,train,-0.903,-59.57,64
LINK,mid,macd,short,trending_down,train,-0.593,-53.15,110
LINK,mid,macd,short,ranging,train,-0.203,-32.42,95
LINK,mid,macd,short,trending_up,test,-0.227,-17.25,40
LINK,mid,macd,short,trending_down,test,0.212,-1.04,63
LINK,mid,macd,short,ranging,test,0.147,-6.65,77
LINK,mid,mean_reversion,long,trending_up,train,0.397,16.78,43
LINK,mid,mean_reversion,long,trending_down,train,0.432,19.48,55
LINK,mid,mean_reversion,long,ranging,train,0.438,21.67,44
LINK,mid,mean_reversion,long,trending_up,test,-0.894,-41.32,33
LINK,mid,mean_reversion,long,trending_down,test,0.069,-14.74,34
LINK,mid,mean_reversion,long,ranging,test,-0.198,-22.73,35
LINK,mid,mean_reversion,short,trending_up,train,-0.162,-72.19,45
LINK,mid,mean_reversion,short,trending_down,train,0.226,-77.71,61
LINK,mid,mean_reversion,short,ranging,train,-0.038,-81.2,52
LINK,mid,mean_reversion,short,trending_up,test,0.236,-16.19,30
LINK,mid,mean_reversion,short,trending_down,test,0.491,11.34,36
LINK,mid,mean_reversion,short,ranging,test,1.059,84.8,38
LINK,mid,momentum,long,trending_up,train,0.241,-1.55,51
LINK,mid,momentum,long,trending_down,train,0.072,-9.41,42
LINK,mid,momentum,long,ranging,train,0.319,8.94,46
LINK,mid,momentum,long,trending_up,test,-1.004,-60.05,38
LINK,mid,momentum,long,trending_down,test,-0.55,-37.59,35
LINK,mid,momentum,long,ranging,test,-0.786,-45.75,34
LINK,mid,momentum,short,trending_up,train,-1.205,-60.04,33
LINK,mid,momentum,short,trending_down,train,-0.718,-64.89,54
LINK,mid,momentum,short,ranging,train,-0.441,-41.9,46
LINK,mid,momentum,short,trending_up,test,-1.701,-47.92,27
LINK,mid,momentum,short,trending_down,test,-0.137,-25.21,40
LINK,mid,momentum,short,ranging,test,0.328,6.66,35
LINK,mid,volume_weighted,long,trending_up,train,1.223,207.76,29
LINK,mid,volume_weighted,long,trending_down,train,0.987,124.89,29
LINK,mid,volume_weighted,long,ranging,train,1.629,427.97,25
LINK,mid,volume_weighted,long,trending_up,test,0.138,-5.67,15
LINK,mid,volume_weighted,long,trending_down,test,0.242,1.59,13
LINK,mid,volume_weighted,long,ranging,test,0.018,-10.29,18
LINK,mid,volume_weighted,short,trending_up,train,0.3,6.3,24
LINK,mid,volume_weighted,short,trending_down,train,-0.209,-42.3,28
LINK,mid,volume_weighted,short,ranging,train,0.406,18.41,26
LINK,mid,volume_weighted,short,trending_up,test,0.174,-13.17,14
LINK,mid,volume_weighted,short,trending_down,test,0.913,60.85,14
LINK,mid,volume_weighted,short,ranging,test,0.89,57.92,16
LINK,mid,triple_ema,long,trending_up,train,0.403,17.34,54
LINK,mid,triple_ema,long,trending_down,train,-0.612,-36.85,41
LINK,mid,triple_ema,long,ranging,train,0.333,10.29,52
LINK,mid,triple_ema,long,trending_up,test,-0.855,-43.93,35
LINK,mid,triple_ema,long,trending_down,test,-2.024,-37.71,22
LINK,mid,triple_ema,long,ranging,test,-1.684,-60.75,42
LINK,mid,triple_ema,short,trending_up,train,-0.898,-52.74,45
LINK,mid,triple_ema,short,trending_down,train,-1.029,-76.07,60
LINK,mid,triple_ema,short,ranging,train,-0.331,-40.68,53
LINK,mid,triple_ema,short,trending_up,test,-0.353,-30.11,36
LINK,mid,triple_ema,short,trending_down,test,-0.084,-24.76,35
LINK,mid,triple_ema,short,ranging,test,-0.163,-26.5,44
LINK,mid,rsi_macd_combo,long,trending_up,train,1.539,238.74,27
LINK,mid,rsi_macd_combo,long,trending_down,train,1.257,207.9,27
LINK,mid,rsi_macd_combo,long,ranging,train,0.486,27.16,21
LINK,mid,rsi_macd_combo,long,trending_up,test,-0.405,-42.4,16
LINK,mid,rsi_macd_combo,long,trending_down,test,-0.371,-46.45,16
LINK,mid,rsi_macd_combo,long,ranging,test,-1.158,-69.8,15
LINK,mid,rsi_macd_combo,short,trending_up,train,-1.078,-78.06,25
LINK,mid,rsi_macd_combo,short,trending_down,train,0.939,-89.61,26
LINK,mid,rsi_macd_combo,short,ranging,train,-0.857,-89.23,22
LINK,mid,rsi_macd_combo,short,trending_up,test,0.172,-9.49,14
LINK,mid,rsi_macd_combo,short,trending_down,test,0.976,53.3,15
LINK,mid,rsi_macd_combo,short,ranging,test,-0.139,-27.78,12
LINK,mid,stoch_rsi,long,trending_up,train,1.409,187.49,43
LINK,mid,stoch_rsi,long,trending_down,train,0.887,91.68,72
LINK,mid,stoch_rsi,long,ranging,train,0.508,30.01,52
LINK,mid,stoch_rsi,long,trending_up,test,0.481,17.08,36
LINK,mid,stoch_rsi,long,trending_down,test,-0.007,-18.23,47
LINK,mid,stoch_rsi,long,ranging,test,-0.28,-30.98,41
LINK,mid,stoch_rsi,short,trending_up,train,-0.814,-65.57,66
LINK,mid,stoch_rsi,short,trending_down,train,-0.729,-63.54,64
LINK,mid,stoch_rsi,short,ranging,train,-0.487,-42.43,50
LINK,mid,stoch_rsi,short,trending_up,test,0.808,42.62,44
LINK,mid,stoch_rsi,short,trending_down,test,0.26,0.66,42
LINK,mid,stoch_rsi,short,ranging,test,1.539,90.79,40
LINK,mid,supertrend,long,trending_up,train,0.0,0.0,0
LINK,mid,supertrend,long,trending_down,train,0.0,0.0,0
LINK,mid,supertrend,long,ranging,train,0.0,0.0,0
LINK,mid,supertrend,long,trending_up,test,0.0,0.0,0
LINK,mid,supertrend,long,trending_down,test,0.0,0.0,0
LINK,mid,supertrend,long,ranging,test,0.0,0.0,0
LINK,mid,supertrend,short,trending_up,train,0.0,0.0,0
LINK,mid,supertrend,short,trending_down,train,0.0,0.0,0
LINK,mid,supertrend,short,ranging,train,0.0,0.0,0
LINK,mid,supertrend,short,trending_up,test,0.0,0.0,0
LINK,mid,supertrend,short,trending_down,test,0.0,0.0,0
LINK,mid,supertrend,short,ranging,test,0.0,0.0,0
LINK,mid,ichimoku_cloud,long,trending_up,train,1.066,149.73,19
LINK,mid,ichimoku_cloud,long,trending_down,train,0.395,16.46,19
LINK,mid,ichimoku_cloud,long,ranging,train,0.717,66.53,23
LINK,mid,ichimoku_cloud,long,trending_up,test,-0.838,-51.17,12
LINK,mid,ichimoku_cloud,long,trending_down,test,-0.942,-52.13,12
LINK,mid,ichimoku_cloud,long,ranging,test,-1.611,-71.95,16
LINK,mid,ichimoku_cloud,short,trending_up,train,-0.689,-48.82,20
LINK,mid,ichimoku_cloud,short,trending_down,train,-0.5,-56.91,21
LINK,mid,ichimoku_cloud,short,ranging,train,-0.582,-50.75,21
LINK,mid,ichimoku_cloud,short,trending_up,test,-0.39,-75.75,14
LINK,mid,ichimoku_cloud,short,trending_down,test,-0.251,-37.54,13
LINK,mid,ichimoku_cloud,short,ranging,test,0.728,-88.48,16
LINK,mid,pairs_spread,long,trending_up,train,0.031,-5.12,35
LINK,mid,pairs_spread,long,trending_down,train,0.607,44.07,46
LINK,mid,pairs_spread,long,ranging,train,1.031,80.82,28
LINK,mid,pairs_spread,long,trending_up,test,-0.657,-33.12,26
LINK,mid,pairs_spread,long,trending_down,test,0.229,-3.01,29
LINK,mid,pairs_spread,long,ranging,test,-0.258,-20.59,21
LINK,mid,pairs_spread,short,trending_up,train,0.475,-99.34,35
LINK,mid,pairs_spread,short,trending_down,train,0.053,-101.28,46
LINK,mid,pairs_spread,short,ranging,train,-1.214,-93.34,42
LINK,mid,pairs_spread,short,trending_up,test,0.623,25.62,22
LINK,mid,pairs_spread,short,trending_down,test,0.905,72.41,29
LINK,mid,pairs_spread,short,ranging,test,1.329,139.83,29
LINK,mid,squeeze_momentum,long,trending_up,train,1.267,209.25,13
LINK,mid,squeeze_momentum,long,trending_down,train,0.958,118.27,17
LINK,mid,squeeze_momentum,long,ranging,train,1.271,223.94,17
LINK,mid,squeeze_momentum,long,trending_up,test,-0.006,-17.84,10
LINK,mid,squeeze_momentum,long,trending_down,test,0.066,-10.66,9
LINK,mid,squeeze_momentum,long,ranging,test,0.09,-12.3,11
LINK,mid,squeeze_momentum,short,trending_up,train,-0.396,-44.01,15
LINK,mid,squeeze_momentum,short,trending_down,train,-0.222,-43.51,18
LINK,mid,squeeze_momentum,short,ranging,train,-0.348,-47.51,18
LINK,mid,squeeze_momentum,short,trending_up,test,0.567,23.16,8
LINK,mid,squeeze_momentum,short,trending_down,test,0.822,47.88,10
LINK,mid,squeeze_momentum,short,ranging,test,1.054,73.54,12
LINK,mid,atr_breakout,long,trending_up,train,1.455,333.62,35
LINK,mid,atr_breakout,long,trending_down,train,1.336,257.14,37
LINK,mid,atr_breakout,long,ranging,train,1.711,406.91,33
LINK,mid,atr_breakout,long,trending_up,test,0.012,-16.47,31
LINK,mid,atr_breakout,long,trending_down,test,0.529,20.49,21
LINK,mid,atr_breakout,long,ranging,test,0.441,14.22,28
LINK,mid,atr_breakout,short,trending_up,train,-0.811,-48.92,22
LINK,mid,atr_breakout,short,trending_down,train,-0.035,-19.29,36
LINK,mid,atr_breakout,short,ranging,train,0.4,17.94,28
LINK,mid,atr_breakout,short,trending_up,test,1.26,70.91,17
LINK,mid,atr_breakout,short,trending_down,test,0.768,43.97,29
LINK,mid,atr_breakout,short,ranging,test,1.378,107.72,28
LINK,mid,amd_ifvg,long,trending_up,train,0.0,0.0,0
LINK,mid,amd_ifvg,long,trending_down,train,0.0,0.0,0
LINK,mid,amd_ifvg,long,ranging,train,0.0,0.0,0
LINK,mid,amd_ifvg,long,trending_up,test,0.0,0.0,0
LINK,mid,amd_ifvg,long,trending_down,test,0.0,0.0,0
LINK,mid,amd_ifvg,long,ranging,test,0.0,0.0,0
LINK,mid,amd_ifvg,short,trending_up,train,0.0,0.0,0
LINK,mid,amd_ifvg,short,trending_down,train,0.0,0.0,0
LINK,mid,amd_ifvg,short,ranging,train,0.0,0.0,0
LINK,mid,amd_ifvg,short,trending_up,test,0.0,0.0,0
LINK,mid,amd_ifvg,short,trending_down,test,0.0,0.0,0
LINK,mid,amd_ifvg,short,ranging,test,0.0,0.0,0
LINK,mid,heikin_ashi_ema,long,trending_up,train,1.064,138.33,72
LINK,mid,heikin_ashi_ema,long,trending_down,train,0.896,82.39,66
LINK,mid,heikin_ashi_ema,long,ranging,train,1.174,149.39,73
LINK,mid,heikin_ashi_ema,long,trending_up,test,-1.186,-61.52,59
LINK,mid,heikin_ashi_ema,long,trending_down,test,-1.347,-49.4,41
LINK,mid,heikin_ashi_ema,long,ranging,test,-2.109,-74.56,67
LINK,mid,heikin_ashi_ema,short,trending_up,train,-0.092,-12.33,47
LINK,mid,heikin_ashi_ema,short,trending_down,train,-0.317,-43.62,90
LINK,mid,heikin_ashi_ema,short,ranging,train,0.239,3.94,69
LINK,mid,heikin_ashi_ema,short,trending_up,test,-0.448,-25.34,39
LINK,mid,heikin_ashi_ema,short,trending_down,test,-0.273,-32.45,55
LINK,mid,heikin_ashi_ema,short,ranging,test,-0.421,-38.6,66
LINK,mid,order_blocks,long,trending_up,train,1.523,387.28,29
LINK,mid,order_blocks,long,trending_down,train,0.949,124.6,33
LINK,mid,order_blocks,long,ranging,train,1.617,380.9,32
LINK,mid,order_blocks,long,trending_up,test,0.64,29.48,21
LINK,mid,order_blocks,long,trending_down,test,0.602,23.78,16
LINK,mid,order_blocks,long,ranging,test,0.714,34.35,19
LINK,mid,order_blocks,short,trending_up,train,-0.555,-44.68,21
LINK,mid,order_blocks,short,trending_down,train,-0.473,-46.55,33
LINK,mid,order_blocks,short,ranging,train,-0.101,-23.42,28
LINK,mid,order_blocks,short,trending_up,test,1.206,85.52,19
LINK,mid,order_blocks,short,trending_down,test,0.749,43.2,22
LINK,mid,order_blocks,short,ranging,test,1.298,113.0,21
LINK,mid,vwap_reversion,long,trending_up,train,-0.167,-24.43,113
LINK,mid,vwap_reversion,long,trending_down,train,-0.733,-60.56,174
LINK,mid,vwap_reversion,long,ranging,train,0.382,16.08,137
LINK,mid,vwap_reversion,long,trending_up,test,-1.003,-43.18,73
LINK,mid,vwap_reversion,long,trending_down,test,-0.072,-19.58,122
LINK,mid,vwap_reversion,long,ranging,test,-0.681,-46.39,111
LINK,mid,vwap_reversion,short,trending_up,train,-1.226,-76.28,142
LINK,mid,vwap_reversion,short,trending_down,train,-1.653,-87.85,165
LINK,mid,vwap_reversion,short,ranging,train,-0.722,-57.79,145
LINK,mid,vwap_reversion,short,trending_up,test,-0.399,-33.3,93
LINK,mid,vwap_reversion,short,trending_down,test,0.138,-6.49,106
LINK,mid,vwap_reversion,short,ranging,test,0.657,27.63,113
LINK,mid,chart_pattern,long,trending_up,train,0.843,100.86,21
LINK,mid,chart_pattern,long,trending_down,train,0.638,51.81,20
LINK,mid,chart_pattern,long,ranging,train,0.355,5.83,22
LINK,mid,chart_pattern,long,trending_up,test,-0.097,-23.06,13
LINK,mid,chart_pattern,long,trending_down,test,-0.357,-31.78,13
LINK,mid,chart_pattern,long,ranging,test,0.066,-14.55,14
LINK,mid,chart_pattern,short,trending_up,train,-0.542,-34.27,16
LINK,mid,chart_pattern,short,trending_down,train,-0.673,-50.75,21
LINK,mid,chart_pattern,short,ranging,train,-0.385,-30.23,17
LINK,mid,chart_pattern,short,trending_up,test,0.828,37.62,13
LINK,mid,chart_pattern,short,trending_down,test,0.401,10.97,15
LINK,mid,chart_pattern,short,ranging,test,0.93,52.44,12
LINK,mid,liquidity_sweeps,long,trending_up,train,0.756,68.09,14
LINK,mid,liquidity_sweeps,long,trending_down,train,0.829,88.47,16
LINK,mid,liquidity_sweeps,long,ranging,train,0.565,38.37,14
LINK,mid,liquidity_sweeps,long,trending_up,test,-0.073,-19.58,16
LINK,mid,liquidity_sweeps,long,trending_down,test,0.465,14.96,16
LINK,mid,liquidity_sweeps,long,ranging,test,-0.113,-25.65,15
LINK,mid,liquidity_sweeps,short,trending_up,train,-0.638,-75.0,16
LINK,mid,liquidity_sweeps,short,trending_down,train,0.954,-69.68,15
LINK,mid,liquidity_sweeps,short,ranging,train,-0.846,-77.15,13
LINK,mid,liquidity_sweeps,short,trending_up,test,0.804,53.35,15
LINK,mid,liquidity_sweeps,short,trending_down,test,1.886,170.0,14
LINK,mid,liquidity_sweeps,short,ranging,test,1.4,142.5,16
LINK,mid,parabolic_sar,long,trending_up,train,0.282,5.33,111
LINK,mid,parabolic_sar,long,trending_down,train,0.803,68.22,91
LINK,mid,parabolic_sar,long,ranging,train,1.027,94.65,95
LINK,mid,parabolic_sar,long,trending_up,test,-0.381,-33.0,73
LINK,mid,parabolic_sar,long,trending_down,test,-0.028,-13.71,50
LINK,mid,parabolic_sar,long,ranging,test,-0.848,-41.73,63
LINK,mid,parabolic_sar,short,trending_up,train,-1.731,-72.68,70
LINK,mid,parabolic_sar,short,trending_down,train,-0.571,-56.62,121
LINK,mid,parabolic_sar,short,ranging,train,-0.363,-39.03,97
LINK,mid,parabolic_sar,short,trending_up,test,-0.604,-28.29,49
LINK,mid,parabolic_sar,short,trending_down,test,0.324,5.62,73
LINK,mid,parabolic_sar,short,ranging,test,0.795,43.3,67
LINK,mid,range_scalper,long,trending_up,train,0.0,0.0,0
LINK,mid,range_scalper,long,trending_down,train,0.0,0.0,0
LINK,mid,range_scalper,long,ranging,train,0.0,0.0,0
LINK,mid,range_scalper,long,trending_up,test,0.0,0.0,0
LINK,mid,range_scalper,long,trending_down,test,0.0,0.0,0
LINK,mid,range_scalper,long,ranging,test,0.0,0.0,0
LINK,mid,range_scalper,short,trending_up,train,0.0,0.0,0
LINK,mid,range_scalper,short,trending_down,train,0.0,0.0,0
LINK,mid,range_scalper,short,ranging,train,0.0,0.0,0
LINK,mid,range_scalper,short,trending_up,test,0.0,0.0,0
LINK,mid,range_scalper,short,trending_down,test,0.0,0.0,0
LINK,mid,range_scalper,short,ranging,test,0.0,0.0,0
LINK,mid,sweep_squeeze_combo,long,trending_up,train,0.09,-25.86,3
LINK,mid,sweep_squeeze_combo,long,trending_down,train,0.388,8.5,3
LINK,mid,sweep_squeeze_combo,long,ranging,train,0.15,-19.51,3
LINK,mid,sweep_squeeze_combo,long,trending_up,test,-0.264,-30.61,2
LINK,mid,sweep_squeeze_combo,long,trending_down,test,-0.308,-36.07,2
LINK,mid,sweep_squeeze_combo,long,ranging,test,-0.387,-42.9,2
LINK,mid,sweep_squeeze_combo,short,trending_up,train,-0.881,-100.08,3
LINK,mid,sweep_squeeze_combo,short,trending_down,train,-1.141,-101.45,3
LINK,mid,sweep_squeeze_combo,short,ranging,train,0.299,-100.38,3
LINK,mid,sweep_squeeze_combo,short,trending_up,test,-0.175,32.12,1
LINK,mid,sweep_squeeze_combo,short,trending_down,test,0.767,48.72,1
LINK,mid,sweep_squeeze_combo,short,ranging,test,0.064,30.3,1
LINK,mid,adx_trend,long,trending_up,train,1.082,173.63,25
LINK,mid,adx_trend,long,trending_down,train,1.36,283.85,17
LINK,mid,adx_trend,long,ranging,train,1.073,159.29,16
LINK,mid,adx_trend,long,trending_up,test,-0.556,-47.0,18
LINK,mid,adx_trend,long,trending_down,test,-0.679,-51.75,12
LINK,mid,adx_trend,long,ranging,test,-0.299,-38.95,11
LINK,mid,adx_trend,short,trending_up,train,0.361,12.91,15
LINK,mid,adx_trend,short,trending_down,train,-0.068,-31.38,25
LINK,mid,adx_trend,short,ranging,train,0.341,10.97,15
LINK,mid,adx_trend,short,trending_up,test,0.498,17.4,12
LINK,mid,adx_trend,short,trending_down,test,0.147,-13.97,18
LINK,mid,adx_trend,short,ranging,test,0.921,48.19,11
LINK,mid,donchian_breakout,long,trending_up,train,0.809,86.26,45
LINK,mid,donchian_breakout,long,trending_down,train,0.874,91.87,36
LINK,mid,donchian_breakout,long,ranging,train,0.64,49.97,47
LINK,mid,donchian_breakout,long,trending_up,test,-0.641,-48.74,29
LINK,mid,donchian_breakout,long,trending_down,test,-0.75,-44.1,24
LINK,mid,donchian_breakout,long,ranging,test,-1.007,-54.88,33
LINK,mid,donchian_breakout,short,trending_up,train,-0.589,-28.25,26
LINK,mid,donchian_breakout,short,trending_down,train,-0.589,-56.71,45
LINK,mid,donchian_breakout,short,ranging,train,-0.836,-57.25,42
LINK,mid,donchian_breakout,short,trending_up,test,-0.399,-20.51,24
LINK,mid,donchian_breakout,short,trending_down,test,-0.422,-37.91,30
LINK,mid,donchian_breakout,short,ranging,test,0.423,13.09,29
LINK,mid,tema_cross,long,trending_up,train,0.931,77.03,41
LINK,mid,tema_cross,long,trending_down,train,-0.789,-16.31,12
LINK,mid,tema_cross,long,ranging,train,0.639,41.38,41
LINK,mid,tema_cross,long,trending_up,test,-1.273,-40.25,26
LINK,mid,tema_cross,long,trending_down,test,-1.754,-25.84,8
LINK,mid,tema_cross,long,ranging,test,-1.714,-51.03,31
LINK,mid,tema_cross,short,trending_up,train,-0.865,-76.29,45
LINK,mid,tema_cross,short,trending_down,train,-0.669,-75.29,43
LINK,mid,tema_cross,short,ranging,train,-0.678,-68.64,49
LINK,mid,tema_cross,short,trending_up,test,-0.185,-32.62,28
LINK,mid,tema_cross,short,trending_down,test,0.006,-24.64,25
LINK,mid,tema_cross,short,ranging,test,-0.42,-48.0,40
